Código do Produto,Categoria do Produto
MH01-S-Blue,Hoodies & Sweatshirts
MH01-L-Black,Hoodies & Sweatshirts
MH01-L-Gray,Hoodies & Sweatshirts
MH01-L-Orange,Hoodies & Sweatshirts
MH01-M-Black,Hoodies & Sweatshirts
MH01-M-Gray,Hoodies & Sweatshirts
MH01-M-Orange,Hoodies & Sweatshirts
MH01-S-Black,Hoodies & Sweatshirts
MH01-S-Gray,Hoodies & Sweatshirts
MH01-S-Orange,Hoodies & Sweatshirts
MH01-XL-Black,Hoodies & Sweatshirts
MH01-XL-Gray,Hoodies & Sweatshirts
MH01-XL-Orange,Hoodies & Sweatshirts
MH01-XS-Black,Hoodies & Sweatshirts
MH01-XS-Gray,Hoodies & Sweatshirts
MH01-XS-Orange,Hoodies & Sweatshirts
MH02-S-Blue,Hoodies & Sweatshirts
MH02-L-Black,Hoodies & Sweatshirts
MH02-L-Purple,Hoodies & Sweatshirts
MH02-L-Red,Hoodies & Sweatshirts
MH02-M-Black,Hoodies & Sweatshirts
MH02-M-Purple,Hoodies & Sweatshirts
MH02-M-Red,Hoodies & Sweatshirts
MH02-S-Black,Hoodies & Sweatshirts
MH02-S-Purple,Hoodies & Sweatshirts
MH02-S-Red,Hoodies & Sweatshirts
MH02-XL-Black,Hoodies & Sweatshirts
MH02-XL-Purple,Hoodies & Sweatshirts
MH02-XL-Red,Hoodies & Sweatshirts
MH02-XS-Black,Hoodies & Sweatshirts
MH02-XS-Purple,Hoodies & Sweatshirts
MH02-XS-Red,Hoodies & Sweatshirts
MH03-S-Red,Hoodies & Sweatshirts
MH03-L-Black,Hoodies & Sweatshirts
MH03-L-Blue,Hoodies & Sweatshirts
MH03-L-Green,Hoodies & Sweatshirts
MH03-M-Black,Hoodies & Sweatshirts
MH03-M-Blue,Hoodies & Sweatshirts
MH03-M-Green,Hoodies & Sweatshirts
MH03-S-Black,Hoodies & Sweatshirts
MH03-S-Blue,Hoodies & Sweatshirts
MH03-S-Green,Hoodies & Sweatshirts
MH03-XL-Black,Hoodies & Sweatshirts
MH03-XL-Blue,Hoodies & Sweatshirts
MH03-XL-Green,Hoodies & Sweatshirts
MH03-XS-Black,Hoodies & Sweatshirts
MH03-XS-Blue,Hoodies & Sweatshirts
MH03-XS-Green,Hoodies & Sweatshirts
MH04-S-Red,Hoodies & Sweatshirts
MH04-L-Green,Hoodies & Sweatshirts
MH04-L-White,Hoodies & Sweatshirts
MH04-L-Yellow,Hoodies & Sweatshirts
MH04-M-Green,Hoodies & Sweatshirts
MH04-M-White,Hoodies & Sweatshirts
MH04-M-Yellow,Hoodies & Sweatshirts
MH04-S-Green,Hoodies & Sweatshirts
MH04-S-White,Hoodies & Sweatshirts
MH04-S-Yellow,Hoodies & Sweatshirts
MH04-XL-Green,Hoodies & Sweatshirts
MH04-XL-White,Hoodies & Sweatshirts
MH04-XL-Yellow,Hoodies & Sweatshirts
MH04-XS-Green,Hoodies & Sweatshirts
MH04-XS-White,Hoodies & Sweatshirts
MH04-XS-Yellow,Hoodies & Sweatshirts
MH05-S-Blue,Hoodies & Sweatshirts
MH05-L-Green,Hoodies & Sweatshirts
MH05-L-Red,Hoodies & Sweatshirts
MH05-L-White,Hoodies & Sweatshirts
MH05-M-Green,Hoodies & Sweatshirts
MH05-M-Red,Hoodies & Sweatshirts
MH05-M-White,Hoodies & Sweatshirts
MH05-S-Green,Hoodies & Sweatshirts
MH05-S-Red,Hoodies & Sweatshirts
MH05-S-White,Hoodies & Sweatshirts
MH05-XL-Green,Hoodies & Sweatshirts
MH05-XL-Red,Hoodies & Sweatshirts
MH05-XL-White,Hoodies & Sweatshirts
MH05-XS-Green,Hoodies & Sweatshirts
MH05-XS-Red,Hoodies & Sweatshirts
MH05-XS-White,Hoodies & Sweatshirts
MH06-S-Red,Hoodies & Sweatshirts
MH06-L-Black,Hoodies & Sweatshirts
MH06-L-Blue,Hoodies & Sweatshirts
MH06-L-Purple,Hoodies & Sweatshirts
MH06-M-Black,Hoodies & Sweatshirts
MH06-M-Blue,Hoodies & Sweatshirts
MH06-M-Purple,Hoodies & Sweatshirts
MH06-S-Black,Hoodies & Sweatshirts
MH06-S-Blue,Hoodies & Sweatshirts
MH06-S-Purple,Hoodies & Sweatshirts
MH06-XL-Black,Hoodies & Sweatshirts
MH06-XL-Blue,Hoodies & Sweatshirts
MH06-XL-Purple,Hoodies & Sweatshirts
MH06-XS-Black,Hoodies & Sweatshirts
MH06-XS-Blue,Hoodies & Sweatshirts
MH06-XS-Purple,Hoodies & Sweatshirts
MH07-S-White,Hoodies & Sweatshirts
MH07-L-Black,Hoodies & Sweatshirts
MH07-L-Gray,Hoodies & Sweatshirts
MH07-L-Green,Hoodies & Sweatshirts
MH07-M-Black,Hoodies & Sweatshirts
MH07-M-Gray,Hoodies & Sweatshirts
MH07-M-Green,Hoodies & Sweatshirts
MH07-S-Black,Hoodies & Sweatshirts
MH07-S-Gray,Hoodies & Sweatshirts
MH07-S-Green,Hoodies & Sweatshirts
MH07-XL-Black,Hoodies & Sweatshirts
MH07-XL-Gray,Hoodies & Sweatshirts
MH07-XL-Green,Hoodies & Sweatshirts
MH07-XS-Black,Hoodies & Sweatshirts
MH07-XS-Gray,Hoodies & Sweatshirts
MH07-XS-Green,Hoodies & Sweatshirts
MH08-S-Pink,Hoodies & Sweatshirts
MH08-L-Brown,Hoodies & Sweatshirts
MH08-L-Purple,Hoodies & Sweatshirts
MH08-L-Red,Hoodies & Sweatshirts
MH08-M-Brown,Hoodies & Sweatshirts
MH08-M-Purple,Hoodies & Sweatshirts
MH08-M-Red,Hoodies & Sweatshirts
MH08-S-Brown,Hoodies & Sweatshirts
MH08-S-Purple,Hoodies & Sweatshirts
MH08-S-Red,Hoodies & Sweatshirts
MH08-XL-Brown,Hoodies & Sweatshirts
MH08-XL-Purple,Hoodies & Sweatshirts
MH08-XL-Red,Hoodies & Sweatshirts
MH08-XS-Brown,Hoodies & Sweatshirts
MH08-XS-Purple,Hoodies & Sweatshirts
MH08-XS-Red,Hoodies & Sweatshirts
MH09-S-Pink,Hoodies & Sweatshirts
MH09-L-Blue,Hoodies & Sweatshirts
MH09-L-Green,Hoodies & Sweatshirts
MH09-L-Red,Hoodies & Sweatshirts
MH09-M-Blue,Hoodies & Sweatshirts
MH09-M-Green,Hoodies & Sweatshirts
MH09-M-Red,Hoodies & Sweatshirts
MH09-S-Blue,Hoodies & Sweatshirts
MH09-S-Green,Hoodies & Sweatshirts
MH09-S-Red,Hoodies & Sweatshirts
MH09-XL-Blue,Hoodies & Sweatshirts
MH09-XL-Green,Hoodies & Sweatshirts
MH09-XL-Red,Hoodies & Sweatshirts
MH09-XS-Blue,Hoodies & Sweatshirts
MH09-XS-Green,Hoodies & Sweatshirts
MH09-XS-Red,Hoodies & Sweatshirts
MH10-S-Pink,Hoodies & Sweatshirts
MH10-L-Black,Hoodies & Sweatshirts
MH10-L-Blue,Hoodies & Sweatshirts
MH10-L-Red,Hoodies & Sweatshirts
MH10-M-Black,Hoodies & Sweatshirts
MH10-M-Blue,Hoodies & Sweatshirts
MH10-M-Red,Hoodies & Sweatshirts
MH10-S-Black,Hoodies & Sweatshirts
MH10-S-Blue,Hoodies & Sweatshirts
MH10-S-Red,Hoodies & Sweatshirts
MH10-XL-Black,Hoodies & Sweatshirts
MH10-XL-Blue,Hoodies & Sweatshirts
MH10-XL-Red,Hoodies & Sweatshirts
MH10-XS-Black,Hoodies & Sweatshirts
MH10-XS-Blue,Hoodies & Sweatshirts
MH10-XS-Red,Hoodies & Sweatshirts
MH11-S-Pink,Hoodies & Sweatshirts
MH11-L-Orange,Hoodies & Sweatshirts
MH11-L-Red,Hoodies & Sweatshirts
MH11-L-White,Hoodies & Sweatshirts
MH11-M-Orange,Hoodies & Sweatshirts
MH11-M-Red,Hoodies & Sweatshirts
MH11-M-White,Hoodies & Sweatshirts
MH11-S-Orange,Hoodies & Sweatshirts
MH11-S-Red,Hoodies & Sweatshirts
MH11-S-White,Hoodies & Sweatshirts
MH11-XL-Orange,Hoodies & Sweatshirts
MH11-XL-Red,Hoodies & Sweatshirts
MH11-XL-White,Hoodies & Sweatshirts
MH11-XS-Orange,Hoodies & Sweatshirts
MH11-XS-Red,Hoodies & Sweatshirts
MH11-XS-White,Hoodies & Sweatshirts
MH12-S-Pink,Hoodies & Sweatshirts
MH12-L-Blue,Hoodies & Sweatshirts
MH12-L-Green,Hoodies & Sweatshirts
MH12-L-Red,Hoodies & Sweatshirts
MH12-M-Blue,Hoodies & Sweatshirts
MH12-M-Green,Hoodies & Sweatshirts
MH12-M-Red,Hoodies & Sweatshirts
MH12-S-Blue,Hoodies & Sweatshirts
MH12-S-Green,Hoodies & Sweatshirts
MH12-S-Red,Hoodies & Sweatshirts
MH12-XL-Blue,Hoodies & Sweatshirts
MH12-XL-Green,Hoodies & Sweatshirts
MH12-XL-Red,Hoodies & Sweatshirts
MH12-XS-Blue,Hoodies & Sweatshirts
MH12-XS-Green,Hoodies & Sweatshirts
MH12-XS-Red,Hoodies & Sweatshirts
MH13-S-Pink,Hoodies & Sweatshirts
MH13-L-Blue,Hoodies & Sweatshirts
MH13-L-Green,Hoodies & Sweatshirts
MH13-L-Lavender,Hoodies & Sweatshirts
MH13-M-Blue,Hoodies & Sweatshirts
MH13-M-Green,Hoodies & Sweatshirts
MH13-M-Lavender,Hoodies & Sweatshirts
MH13-S-Blue,Hoodies & Sweatshirts
MH13-S-Green,Hoodies & Sweatshirts
MH13-S-Lavender,Hoodies & Sweatshirts
MH13-XL-Blue,Hoodies & Sweatshirts
MH13-XL-Green,Hoodies & Sweatshirts
MH13-XL-Lavender,Hoodies & Sweatshirts
MH13-XS-Blue,Hoodies & Sweatshirts
MH13-XS-Green,Hoodies & Sweatshirts
MH13-XS-Lavender,Hoodies & Sweatshirts
MJ01-S-Pink,Jackets
MJ01-L-Orange,Jackets
MJ01-L-Red,Jackets
MJ01-L-Yellow,Jackets
MJ01-M-Orange,Jackets
MJ01-M-Red,Jackets
MJ01-M-Yellow,Jackets
MJ01-S-Orange,Jackets
MJ01-S-Red,Jackets
MJ01-S-Yellow,Jackets
MJ01-XL-Orange,Jackets
MJ01-XL-Red,Jackets
MJ01-XL-Yellow,Jackets
MJ01-XS-Orange,Jackets
MJ01-XS-Red,Jackets
MJ01-XS-Yellow,Jackets
MJ02-S-Pink,Jackets
MJ02-L-Green,Jackets
MJ02-L-Orange,Jackets
MJ02-L-Red,Jackets
MJ02-M-Green,Jackets
MJ02-M-Orange,Jackets
MJ02-M-Red,Jackets
MJ02-S-Green,Jackets
MJ02-S-Orange,Jackets
MJ02-S-Red,Jackets
MJ02-XL-Green,Jackets
MJ02-XL-Orange,Jackets
MJ02-XL-Red,Jackets
MJ02-XS-Green,Jackets
MJ02-XS-Orange,Jackets
MJ02-XS-Red,Jackets
MJ03-S-Pink,Jackets
MJ03-L-Black,Jackets
MJ03-L-Green,Jackets
MJ03-L-Red,Jackets
MJ03-M-Black,Jackets
MJ03-M-Green,Jackets
MJ03-M-Red,Jackets
MJ03-S-Black,Jackets
MJ03-S-Green,Jackets
MJ03-S-Red,Jackets
MJ03-XL-Black,Jackets
MJ03-XL-Green,Jackets
MJ03-XL-Red,Jackets
MJ03-XS-Black,Jackets
MJ03-XS-Green,Jackets
MJ03-XS-Red,Jackets
MJ04-S-Pink,Jackets
MJ04-L-Black,Jackets
MJ04-L-Blue,Jackets
MJ04-L-Purple,Jackets
MJ04-M-Black,Jackets
MJ04-M-Blue,Jackets
MJ04-M-Purple,Jackets
MJ04-S-Black,Jackets
MJ04-S-Blue,Jackets
MJ04-S-Purple,Jackets
MJ04-XL-Black,Jackets
MJ04-XL-Blue,Jackets
MJ04-XL-Purple,Jackets
MJ04-XS-Black,Jackets
MJ04-XS-Blue,Jackets
MJ04-XS-Purple,Jackets
MJ06-S-Pink,Jackets
MJ06-L-Blue,Jackets
MJ06-L-Green,Jackets
MJ06-L-Purple,Jackets
MJ06-M-Blue,Jackets
MJ06-M-Green,Jackets
MJ06-M-Purple,Jackets
MJ06-S-Blue,Jackets
MJ06-S-Green,Jackets
MJ06-S-Purple,Jackets
MJ06-XL-Blue,Jackets
MJ06-XL-Green,Jackets
MJ06-XL-Purple,Jackets
MJ06-XS-Blue,Jackets
MJ06-XS-Green,Jackets
MJ06-XS-Purple,Jackets
MJ07-S-Pink,Jackets
MJ07-L-Black,Jackets
MJ07-L-Red,Jackets
MJ07-L-Yellow,Jackets
MJ07-M-Black,Jackets
MJ07-M-Red,Jackets
MJ07-M-Yellow,Jackets
MJ07-S-Black,Jackets
MJ07-S-Red,Jackets
MJ07-S-Yellow,Jackets
MJ07-XL-Black,Jackets
MJ07-XL-Red,Jackets
MJ07-XL-Yellow,Jackets
MJ07-XS-Black,Jackets
MJ07-XS-Red,Jackets
MJ07-XS-Yellow,Jackets
MJ08-S-Pink,Jackets
MJ08-L-Blue,Jackets
MJ08-L-Gray,Jackets
MJ08-L-Green,Jackets
MJ08-M-Blue,Jackets
MJ08-M-Gray,Jackets
MJ08-M-Green,Jackets
MJ08-S-Blue,Jackets
MJ08-S-Gray,Jackets
MJ08-S-Green,Jackets
MJ08-XL-Blue,Jackets
MJ08-XL-Gray,Jackets
MJ08-XL-Green,Jackets
MJ08-XS-Blue,Jackets
MJ08-XS-Gray,Jackets
MJ08-XS-Green,Jackets
MJ09-S-Pink,Jackets
MJ09-L-Blue,Jackets
MJ09-L-White,Jackets
MJ09-L-Yellow,Jackets
MJ09-M-Blue,Jackets
MJ09-M-White,Jackets
MJ09-M-Yellow,Jackets
MJ09-S-Blue,Jackets
MJ09-S-White,Jackets
MJ09-S-Yellow,Jackets
MJ09-XL-Blue,Jackets
MJ09-XL-White,Jackets
MJ09-XL-Yellow,Jackets
MJ09-XS-Blue,Jackets
MJ09-XS-White,Jackets
MJ09-XS-Yellow,Jackets
MJ10-S-Pink,Jackets
MJ10-L-Black,Jackets
MJ10-L-Orange,Jackets
MJ10-L-Red,Jackets
MJ10-M-Black,Jackets
MJ10-M-Orange,Jackets
MJ10-M-Red,Jackets
MJ10-S-Black,Jackets
MJ10-S-Orange,Jackets
MJ10-S-Red,Jackets
MJ10-XL-Black,Jackets
MJ10-XL-Orange,Jackets
MJ10-XL-Red,Jackets
MJ10-XS-Black,Jackets
MJ10-XS-Orange,Jackets
MJ10-XS-Red,Jackets
MJ11-S-Pink,Jackets
MJ11-L-Black,Jackets
MJ11-L-Green,Jackets
MJ11-L-Red,Jackets
MJ11-M-Black,Jackets
MJ11-M-Green,Jackets
MJ11-M-Red,Jackets
MJ11-S-Black,Jackets
MJ11-S-Green,Jackets
MJ11-S-Red,Jackets
MJ11-XL-Black,Jackets
MJ11-XL-Green,Jackets
MJ11-XL-Red,Jackets
MJ11-XS-Black,Jackets
MJ11-XS-Green,Jackets
MJ11-XS-Red,Jackets
MJ12-S-Pink,Jackets
MJ12-L-Black,Jackets
MJ12-L-Blue,Jackets
MJ12-L-Orange,Jackets
MJ12-M-Black,Jackets
MJ12-M-Blue,Jackets
MJ12-M-Orange,Jackets
MJ12-S-Black,Jackets
MJ12-S-Blue,Jackets
MJ12-S-Orange,Jackets
MJ12-XL-Black,Jackets
MJ12-XL-Blue,Jackets
MJ12-XL-Orange,Jackets
MJ12-XS-Black,Jackets
MJ12-XS-Blue,Jackets
MJ12-XS-Orange,Jackets
MP01-32-Pink,Pants
MP01-32-Black,Pants
MP01-32-Gray,Pants
MP01-32-Purple,Pants
MP01-33-Black,Pants
MP01-33-Gray,Pants
MP01-33-Purple,Pants
MP01-34-Black,Pants
MP01-34-Gray,Pants
MP01-34-Purple,Pants
MP01-36-Black,Pants
MP01-36-Gray,Pants
MP01-36-Purple,Pants
MP02-32-Pink,Pants
MP02-32-Blue,Pants
MP02-32-Gray,Pants
MP02-32-Red,Pants
MP02-33-Blue,Pants
MP02-33-Gray,Pants
MP02-33-Red,Pants
MP02-34-Blue,Pants
MP02-34-Gray,Pants
MP02-34-Red,Pants
MP02-36-Blue,Pants
MP02-36-Gray,Pants
MP02-36-Red,Pants
MP03-32-Pink,Pants
MP03-32-Blue,Pants
MP03-32-Green,Pants
MP03-32-Red,Pants
MP03-33-Blue,Pants
MP03-33-Green,Pants
MP03-33-Red,Pants
MP03-34-Blue,Pants
MP03-34-Green,Pants
MP03-34-Red,Pants
MP03-36-Blue,Pants
MP03-36-Green,Pants
MP03-36-Red,Pants
MP04-32-Pink,Pants
MP04-32-Black,Pants
MP04-32-Gray,Pants
MP04-32-Green,Pants
MP04-33-Black,Pants
MP04-33-Gray,Pants
MP04-33-Green,Pants
MP04-34-Black,Pants
MP04-34-Gray,Pants
MP04-34-Green,Pants
MP04-36-Black,Pants
MP04-36-Gray,Pants
MP04-36-Green,Pants
MP05-32-Pink,Pants
MP05-32-Black,Pants
MP05-32-Blue,Pants
MP05-32-Green,Pants
MP05-33-Black,Pants
MP05-33-Blue,Pants
MP05-33-Green,Pants
MP05-34-Black,Pants
MP05-34-Blue,Pants
MP05-34-Green,Pants
MP05-36-Black,Pants
MP05-36-Blue,Pants
MP05-36-Green,Pants
MP06-32-Pink,Pants
MP06-32-Gray,Pants
MP06-32-Green,Pants
MP06-32-Orange,Pants
MP06-33-Gray,Pants
MP06-33-Green,Pants
MP06-33-Orange,Pants
MP06-34-Gray,Pants
MP06-34-Green,Pants
MP06-34-Orange,Pants
MP06-36-Gray,Pants
MP06-36-Green,Pants
MP06-36-Orange,Pants
MP07-32-Pink,Pants
MP07-32-Black,Pants
MP07-32-Blue,Pants
MP07-32-Purple,Pants
MP07-33-Black,Pants
MP07-33-Blue,Pants
MP07-33-Purple,Pants
MP07-34-Black,Pants
MP07-34-Blue,Pants
MP07-34-Purple,Pants
MP07-36-Black,Pants
MP07-36-Blue,Pants
MP07-36-Purple,Pants
MP08-32-Pink,Pants
MP08-32-Blue,Pants
MP08-32-Green,Pants
MP08-32-Red,Pants
MP08-33-Blue,Pants
MP08-33-Green,Pants
MP08-33-Red,Pants
MP08-34-Blue,Pants
MP08-34-Green,Pants
MP08-34-Red,Pants
MP08-36-Blue,Pants
MP08-36-Green,Pants
MP08-36-Red,Pants
MP09-32-Pink,Pants
MP09-32-Black,Pants
MP09-32-Blue,Pants
MP09-32-Red,Pants
MP09-33-Black,Pants
MP09-33-Blue,Pants
MP09-33-Red,Pants
MP09-34-Black,Pants
MP09-34-Blue,Pants
MP09-34-Red,Pants
MP09-36-Black,Pants
MP09-36-Blue,Pants
MP09-36-Red,Pants
MP10-32-Pink,Pants
MP10-32-Black,Pants
MP10-32-Blue,Pants
MP10-32-Green,Pants
MP10-33-Black,Pants
MP10-33-Blue,Pants
MP10-33-Green,Pants
MP10-34-Black,Pants
MP10-34-Blue,Pants
MP10-34-Green,Pants
MP10-36-Black,Pants
MP10-36-Blue,Pants
MP10-36-Green,Pants
MP11-32-Pink,Pants
MP11-32-Blue,Pants
MP11-32-Brown,Pants
MP11-32-Green,Pants
MP11-33-Blue,Pants
MP11-33-Brown,Pants
MP11-33-Green,Pants
MP11-34-Blue,Pants
MP11-34-Brown,Pants
MP11-34-Green,Pants
MP11-36-Blue,Pants
MP11-36-Brown,Pants
MP11-36-Green,Pants
MP12-32-Pink,Pants
MP12-32-Black,Pants
MP12-32-Blue,Pants
MP12-32-Red,Pants
MP12-33-Black,Pants
MP12-33-Blue,Pants
MP12-33-Red,Pants
MP12-34-Black,Pants
MP12-34-Blue,Pants
MP12-34-Red,Pants
MP12-36-Black,Pants
MP12-36-Blue,Pants
MP12-36-Red,Pants
MS01-S-Pink,Tees
MS01-L-Black,Tees
MS01-L-Brown,Tees
MS01-L-Yellow,Tees
MS01-M-Black,Tees
MS01-M-Brown,Tees
MS01-M-Yellow,Tees
MS01-S-Black,Tees
MS01-S-Brown,Tees
MS01-S-Yellow,Tees
MS01-XL-Black,Tees
MS01-XL-Brown,Tees
MS01-XL-Yellow,Tees
MS01-XS-Black,Tees
MS01-XS-Brown,Tees
MS01-XS-Yellow,Tees
MS02-S-Pink,Tees
MS02-L-Black,Tees
MS02-L-Blue,Tees
MS02-L-Gray,Tees
MS02-M-Black,Tees
MS02-M-Blue,Tees
MS02-M-Gray,Tees
MS02-S-Black,Tees
MS02-S-Blue,Tees
MS02-S-Gray,Tees
MS02-XL-Black,Tees
MS02-XL-Blue,Tees
MS02-XL-Gray,Tees
MS02-XS-Black,Tees
MS02-XS-Blue,Tees
MS02-XS-Gray,Tees
MS03-S-Pink,Tees
MS03-L-Gray,Tees
MS03-L-Green,Tees
MS03-L-Orange,Tees
MS03-M-Gray,Tees
MS03-M-Green,Tees
MS03-M-Orange,Tees
MS03-S-Gray,Tees
MS03-S-Green,Tees
MS03-S-Orange,Tees
MS03-XL-Gray,Tees
MS03-XL-Green,Tees
MS03-XL-Orange,Tees
MS03-XS-Gray,Tees
MS03-XS-Green,Tees
MS03-XS-Orange,Tees
MS04-S-Pink,Tees
MS04-L-Black,Tees
MS04-L-Orange,Tees
MS04-L-Red,Tees
MS04-M-Black,Tees
MS04-M-Orange,Tees
MS04-M-Red,Tees
MS04-S-Black,Tees
MS04-S-Orange,Tees
MS04-S-Red,Tees
MS04-XL-Black,Tees
MS04-XL-Orange,Tees
MS04-XL-Red,Tees
MS04-XS-Black,Tees
MS04-XS-Orange,Tees
MS04-XS-Red,Tees
MS05-S-Pink,Tees
MS05-L-Black,Tees
MS05-L-Blue,Tees
MS05-L-Purple,Tees
MS05-M-Black,Tees
MS05-M-Blue,Tees
MS05-M-Purple,Tees
MS05-S-Black,Tees
MS05-S-Blue,Tees
MS05-S-Purple,Tees
MS05-XL-Black,Tees
MS05-XL-Blue,Tees
MS05-XL-Purple,Tees
MS05-XS-Black,Tees
MS05-XS-Blue,Tees
MS05-XS-Purple,Tees
MS06-S-Pink,Tees
MS06-L-Blue,Tees
MS06-L-Green,Tees
MS06-L-Yellow,Tees
MS06-M-Blue,Tees
MS06-M-Green,Tees
MS06-M-Yellow,Tees
MS06-S-Blue,Tees
MS06-S-Green,Tees
MS06-S-Yellow,Tees
MS06-XL-Blue,Tees
MS06-XL-Green,Tees
MS06-XL-Yellow,Tees
MS06-XS-Blue,Tees
MS06-XS-Green,Tees
MS06-XS-Yellow,Tees
MS07-S-Pink,Tees
MS07-L-Black,Tees
MS07-L-Green,Tees
MS07-L-White,Tees
MS07-M-Black,Tees
MS07-M-Green,Tees
MS07-M-White,Tees
MS07-S-Black,Tees
MS07-S-Green,Tees
MS07-S-White,Tees
MS07-XL-Black,Tees
MS07-XL-Green,Tees
MS07-XL-White,Tees
MS07-XS-Black,Tees
MS07-XS-Green,Tees
MS07-XS-White,Tees
MS08-S-Pink,Tees
MS08-L-Black,Tees
MS08-L-Blue,Tees
MS08-L-Red,Tees
MS08-M-Black,Tees
MS08-M-Blue,Tees
MS08-M-Red,Tees
MS08-S-Black,Tees
MS08-S-Blue,Tees
MS08-S-Red,Tees
MS08-XL-Black,Tees
MS08-XL-Blue,Tees
MS08-XL-Red,Tees
MS08-XS-Black,Tees
MS08-XS-Blue,Tees
MS08-XS-Red,Tees
MS09-S-Pink,Tees
MS09-L-Black,Tees
MS09-L-Blue,Tees
MS09-L-Red,Tees
MS09-M-Black,Tees
MS09-M-Blue,Tees
MS09-M-Red,Tees
MS09-S-Black,Tees
MS09-S-Blue,Tees
MS09-S-Red,Tees
MS09-XL-Black,Tees
MS09-XL-Blue,Tees
MS09-XL-Red,Tees
MS09-XS-Black,Tees
MS09-XS-Blue,Tees
MS09-XS-Red,Tees
MS10-S-Pink,Tees
MS10-L-Black,Tees
MS10-L-Blue,Tees
MS10-L-Red,Tees
MS10-M-Black,Tees
MS10-M-Blue,Tees
MS10-M-Red,Tees
MS10-S-Black,Tees
MS10-S-Blue,Tees
MS10-S-Red,Tees
MS10-XL-Black,Tees
MS10-XL-Blue,Tees
MS10-XL-Red,Tees
MS10-XS-Black,Tees
MS10-XS-Blue,Tees
MS10-XS-Red,Tees
MS11-S-Pink,Tees
MS11-L-Blue,Tees
MS11-L-Green,Tees
MS11-L-Yellow,Tees
MS11-M-Blue,Tees
MS11-M-Green,Tees
MS11-M-Yellow,Tees
MS11-S-Blue,Tees
MS11-S-Green,Tees
MS11-S-Yellow,Tees
MS11-XL-Blue,Tees
MS11-XL-Green,Tees
MS11-XL-Yellow,Tees
MS11-XS-Blue,Tees
MS11-XS-Green,Tees
MS11-XS-Yellow,Tees
MS12-S-Pink,Tees
MS12-L-Black,Tees
MS12-L-Blue,Tees
MS12-L-Red,Tees
MS12-M-Black,Tees
MS12-M-Blue,Tees
MS12-M-Red,Tees
MS12-S-Black,Tees
MS12-S-Blue,Tees
MS12-S-Red,Tees
MS12-XL-Black,Tees
MS12-XL-Blue,Tees
MS12-XL-Red,Tees
MS12-XS-Black,Tees
MS12-XS-Blue,Tees
MS12-XS-Red,Tees
MSH01-32-Pink,Shorts
MSH01-32-Black,Shorts
MSH01-32-Blue,Shorts
MSH01-32-Red,Shorts
MSH01-33-Black,Shorts
MSH01-33-Blue,Shorts
MSH01-33-Red,Shorts
MSH01-34-Black,Shorts
MSH01-34-Blue,Shorts
MSH01-34-Red,Shorts
MSH01-36-Black,Shorts
MSH01-36-Blue,Shorts
MSH01-36-Red,Shorts
MSH02-32-Pink,Shorts
MSH02-32-Black,Shorts
MSH02-33-Black,Shorts
MSH02-34-Black,Shorts
MSH02-36-Black,Shorts
MSH03-32-Pink,Shorts
MSH03-32-Black,Shorts
MSH03-32-Blue,Shorts
MSH03-32-Green,Shorts
MSH03-33-Black,Shorts
MSH03-33-Blue,Shorts
MSH03-33-Green,Shorts
MSH03-34-Black,Shorts
MSH03-34-Blue,Shorts
MSH03-34-Green,Shorts
MSH03-36-Black,Shorts
MSH03-36-Blue,Shorts
MSH03-36-Green,Shorts
MSH04-32-Pink,Shorts
MSH04-32-Gray,Shorts
MSH04-32-Purple,Shorts
MSH04-32-Yellow,Shorts
MSH04-33-Gray,Shorts
MSH04-33-Purple,Shorts
MSH04-33-Yellow,Shorts
MSH04-34-Gray,Shorts
MSH04-34-Purple,Shorts
MSH04-34-Yellow,Shorts
MSH04-36-Gray,Shorts
MSH04-36-Purple,Shorts
MSH04-36-Yellow,Shorts
MSH05-32-Pink,Shorts
MSH05-32-Black,Shorts
MSH05-32-Blue,Shorts
MSH05-32-Gray,Shorts
MSH05-33-Black,Shorts
MSH05-33-Blue,Shorts
MSH05-33-Gray,Shorts
MSH05-34-Black,Shorts
MSH05-34-Blue,Shorts
MSH05-34-Gray,Shorts
MSH05-36-Black,Shorts
MSH05-36-Blue,Shorts
MSH05-36-Gray,Shorts
MSH06-32-Pink,Shorts
MSH06-32-Blue,Shorts
MSH06-32-Gray,Shorts
MSH06-32-Red,Shorts
MSH06-33-Blue,Shorts
MSH06-33-Gray,Shorts
MSH06-33-Red,Shorts
MSH06-34-Blue,Shorts
MSH06-34-Gray,Shorts
MSH06-34-Red,Shorts
MSH06-36-Blue,Shorts
MSH06-36-Gray,Shorts
MSH06-36-Red,Shorts
MSH07-32-Pink,Shorts
MSH07-32-Black,Shorts
MSH07-32-Blue,Shorts
MSH07-32-Purple,Shorts
MSH07-33-Black,Shorts
MSH07-33-Blue,Shorts
MSH07-33-Purple,Shorts
MSH07-34-Black,Shorts
MSH07-34-Blue,Shorts
MSH07-34-Purple,Shorts
MSH07-36-Black,Shorts
MSH07-36-Blue,Shorts
MSH07-36-Purple,Shorts
MSH08-32-Pink,Shorts
MSH08-32-Black,Shorts
MSH08-32-Blue,Shorts
MSH08-32-Green,Shorts
MSH08-33-Black,Shorts
MSH08-33-Blue,Shorts
MSH08-33-Green,Shorts
MSH08-34-Black,Shorts
MSH08-34-Blue,Shorts
MSH08-34-Green,Shorts
MSH08-36-Black,Shorts
MSH08-36-Blue,Shorts
MSH08-36-Green,Shorts
MSH09-32-Pink,Shorts
MSH09-32-Black,Shorts
MSH09-32-Blue,Shorts
MSH09-32-Green,Shorts
MSH09-33-Black,Shorts
MSH09-33-Blue,Shorts
MSH09-33-Green,Shorts
MSH09-34-Black,Shorts
MSH09-34-Blue,Shorts
MSH09-34-Green,Shorts
MSH09-36-Black,Shorts
MSH09-36-Blue,Shorts
MSH09-36-Green,Shorts
MSH10-32-Pink,Shorts
MSH10-32-Blue,Shorts
MSH10-32-Green,Shorts
MSH10-32-Purple,Shorts
MSH10-33-Blue,Shorts
MSH10-33-Green,Shorts
MSH10-33-Purple,Shorts
MSH10-34-Blue,Shorts
MSH10-34-Green,Shorts
MSH10-34-Purple,Shorts
MSH10-36-Blue,Shorts
MSH10-36-Green,Shorts
MSH10-36-Purple,Shorts
MSH11-32-Pink,Shorts
MSH11-32-Black,Shorts
MSH11-32-Blue,Shorts
MSH11-32-Red,Shorts
MSH11-33-Black,Shorts
MSH11-33-Blue,Shorts
MSH11-33-Red,Shorts
MSH11-34-Black,Shorts
MSH11-34-Blue,Shorts
MSH11-34-Red,Shorts
MSH11-36-Black,Shorts
MSH11-36-Blue,Shorts
MSH11-36-Red,Shorts
MSH12-32-Pink,Shorts
MSH12-32-Black,Shorts
MSH12-32-Gray,Shorts
MSH12-32-Red,Shorts
MSH12-33-Black,Shorts
MSH12-33-Gray,Shorts
MSH12-33-Red,Shorts
MSH12-34-Black,Shorts
MSH12-34-Gray,Shorts
MSH12-34-Red,Shorts
MSH12-36-Black,Shorts
MSH12-36-Gray,Shorts
MSH12-36-Red,Shorts
MT01-S-Pink,Tank Tops
MT01-L-Gray,Tank Tops
MT01-L-Orange,Tank Tops
MT01-L-Red,Tank Tops
MT01-M-Gray,Tank Tops
MT01-M-Orange,Tank Tops
MT01-M-Red,Tank Tops
MT01-S-Gray,Tank Tops
MT01-S-Orange,Tank Tops
MT01-S-Red,Tank Tops
MT01-XL-Gray,Tank Tops
MT01-XL-Orange,Tank Tops
MT01-XL-Red,Tank Tops
MT01-XS-Gray,Tank Tops
MT01-XS-Orange,Tank Tops
MT01-XS-Red,Tank Tops
MT02-S-Pink,Tank Tops
MT02-L-Gray,Tank Tops
MT02-L-Red,Tank Tops
MT02-L-White,Tank Tops
MT02-M-Gray,Tank Tops
MT02-M-Red,Tank Tops
MT02-M-White,Tank Tops
MT02-S-Gray,Tank Tops
MT02-S-Red,Tank Tops
MT02-S-White,Tank Tops
MT02-XL-Gray,Tank Tops
MT02-XL-Red,Tank Tops
MT02-XL-White,Tank Tops
MT02-XS-Gray,Tank Tops
MT02-XS-Red,Tank Tops
MT02-XS-White,Tank Tops
MT03-S-Pink,Tank Tops
MT03-L-Blue,Tank Tops
MT03-L-Red,Tank Tops
MT03-L-Yellow,Tank Tops
MT03-M-Blue,Tank Tops
MT03-M-Red,Tank Tops
MT03-M-Yellow,Tank Tops
MT03-S-Blue,Tank Tops
MT03-S-Red,Tank Tops
MT03-S-Yellow,Tank Tops
MT03-XL-Blue,Tank Tops
MT03-XL-Red,Tank Tops
MT03-XL-Yellow,Tank Tops
MT03-XS-Blue,Tank Tops
MT03-XS-Red,Tank Tops
MT03-XS-Yellow,Tank Tops
MT04-S-Pink,Tank Tops
MT04-L-Blue,Tank Tops
MT04-M-Blue,Tank Tops
MT04-S-Blue,Tank Tops
MT04-XL-Blue,Tank Tops
MT04-XS-Blue,Tank Tops
MT05-S-Pink,Tank Tops
MT05-L-Blue,Tank Tops
MT05-M-Blue,Tank Tops
MT05-S-Blue,Tank Tops
MT05-XL-Blue,Tank Tops
MT05-XS-Blue,Tank Tops
MT06-S-Pink,Tank Tops
MT06-L-Black,Tank Tops
MT06-M-Black,Tank Tops
MT06-S-Black,Tank Tops
MT06-XL-Black,Tank Tops
MT06-XS-Black,Tank Tops
MT07-S-Pink,Tank Tops
MT07-L-Gray,Tank Tops
MT07-M-Gray,Tank Tops
MT07-S-Gray,Tank Tops
MT07-XL-Gray,Tank Tops
MT07-XS-Gray,Tank Tops
MT08-S-Pink,Tank Tops
MT08-L-Green,Tank Tops
MT08-M-Green,Tank Tops
MT08-S-Green,Tank Tops
MT08-XL-Green,Tank Tops
MT08-XS-Green,Tank Tops
MT09-S-Pink,Tank Tops
MT09-L-Blue,Tank Tops
MT09-M-Blue,Tank Tops
MT09-S-Blue,Tank Tops
MT09-XL-Blue,Tank Tops
MT09-XS-Blue,Tank Tops
MT10-S-Pink,Tank Tops
MT10-L-Yellow,Tank Tops
MT10-M-Yellow,Tank Tops
MT10-S-Yellow,Tank Tops
MT10-XL-Yellow,Tank Tops
MT10-XS-Yellow,Tank Tops
MT11-S-Pink,Tank Tops
MT11-L-Blue,Tank Tops
MT11-M-Blue,Tank Tops
MT11-S-Blue,Tank Tops
MT11-XL-Blue,Tank Tops
MT11-XS-Blue,Tank Tops
MT12-S-Pink,Tank Tops
MT12-L-Blue,Tank Tops
MT12-M-Blue,Tank Tops
MT12-S-Blue,Tank Tops
MT12-XL-Blue,Tank Tops
MT12-XS-Blue,Tank Tops
WB01-S-Pink,Bras & Tops
WB01-L-Black,Bras & Tops
WB01-L-Gray,Bras & Tops
WB01-L-Purple,Bras & Tops
WB01-M-Black,Bras & Tops
WB01-M-Gray,Bras & Tops
WB01-M-Purple,Bras & Tops
WB01-S-Black,Bras & Tops
WB01-S-Gray,Bras & Tops
WB01-S-Purple,Bras & Tops
WB01-XL-Black,Bras & Tops
WB01-XL-Gray,Bras & Tops
WB01-XL-Purple,Bras & Tops
WB01-XS-Black,Bras & Tops
WB01-XS-Gray,Bras & Tops
WB01-XS-Purple,Bras & Tops
WB02-S-Pink,Bras & Tops
WB02-L-Blue,Bras & Tops
WB02-L-Orange,Bras & Tops
WB02-L-Yellow,Bras & Tops
WB02-M-Blue,Bras & Tops
WB02-M-Orange,Bras & Tops
WB02-M-Yellow,Bras & Tops
WB02-S-Blue,Bras & Tops
WB02-S-Orange,Bras & Tops
WB02-S-Yellow,Bras & Tops
WB02-XL-Blue,Bras & Tops
WB02-XL-Orange,Bras & Tops
WB02-XL-Yellow,Bras & Tops
WB02-XS-Blue,Bras & Tops
WB02-XS-Orange,Bras & Tops
WB02-XS-Yellow,Bras & Tops
WB03-S-Pink,Bras & Tops
WB03-L-Green,Bras & Tops
WB03-L-Red,Bras & Tops
WB03-L-Yellow,Bras & Tops
WB03-M-Green,Bras & Tops
WB03-M-Red,Bras & Tops
WB03-M-Yellow,Bras & Tops
WB03-S-Green,Bras & Tops
WB03-S-Red,Bras & Tops
WB03-S-Yellow,Bras & Tops
WB03-XL-Green,Bras & Tops
WB03-XL-Red,Bras & Tops
WB03-XL-Yellow,Bras & Tops
WB03-XS-Green,Bras & Tops
WB03-XS-Red,Bras & Tops
WB03-XS-Yellow,Bras & Tops
WB04-S-Pink,Bras & Tops
WB04-L-Blue,Bras & Tops
WB04-L-Purple,Bras & Tops
WB04-L-Yellow,Bras & Tops
WB04-M-Blue,Bras & Tops
WB04-M-Purple,Bras & Tops
WB04-M-Yellow,Bras & Tops
WB04-S-Blue,Bras & Tops
WB04-S-Purple,Bras & Tops
WB04-S-Yellow,Bras & Tops
WB04-XL-Blue,Bras & Tops
WB04-XL-Purple,Bras & Tops
WB04-XL-Yellow,Bras & Tops
WB04-XS-Blue,Bras & Tops
WB04-XS-Purple,Bras & Tops
WB04-XS-Yellow,Bras & Tops
WB05-S-Pink,Bras & Tops
WB05-L-Black,Bras & Tops
WB05-L-Orange,Bras & Tops
WB05-L-Purple,Bras & Tops
WB05-M-Black,Bras & Tops
WB05-M-Orange,Bras & Tops
WB05-M-Purple,Bras & Tops
WB05-S-Black,Bras & Tops
WB05-S-Orange,Bras & Tops
WB05-S-Purple,Bras & Tops
WB05-XL-Black,Bras & Tops
WB05-XL-Orange,Bras & Tops
WB05-XL-Purple,Bras & Tops
WB05-XS-Black,Bras & Tops
WB05-XS-Orange,Bras & Tops
WB05-XS-Purple,Bras & Tops
WH01-S-Pink,Hoodies & Sweatshirts
WH01-L-Green,Hoodies & Sweatshirts
WH01-L-Orange,Hoodies & Sweatshirts
WH01-L-Purple,Hoodies & Sweatshirts
WH01-M-Green,Hoodies & Sweatshirts
WH01-M-Orange,Hoodies & Sweatshirts
WH01-M-Purple,Hoodies & Sweatshirts
WH01-S-Green,Hoodies & Sweatshirts
WH01-S-Orange,Hoodies & Sweatshirts
WH01-S-Purple,Hoodies & Sweatshirts
WH01-XL-Green,Hoodies & Sweatshirts
WH01-XL-Orange,Hoodies & Sweatshirts
WH01-XL-Purple,Hoodies & Sweatshirts
WH01-XS-Green,Hoodies & Sweatshirts
WH01-XS-Orange,Hoodies & Sweatshirts
WH01-XS-Purple,Hoodies & Sweatshirts
WH02-S-Pink,Hoodies & Sweatshirts
WH02-L-Blue,Hoodies & Sweatshirts
WH02-L-Green,Hoodies & Sweatshirts
WH02-L-Orange,Hoodies & Sweatshirts
WH02-M-Blue,Hoodies & Sweatshirts
WH02-M-Green,Hoodies & Sweatshirts
WH02-M-Orange,Hoodies & Sweatshirts
WH02-S-Blue,Hoodies & Sweatshirts
WH02-S-Green,Hoodies & Sweatshirts
WH02-S-Orange,Hoodies & Sweatshirts
WH02-XL-Blue,Hoodies & Sweatshirts
WH02-XL-Green,Hoodies & Sweatshirts
WH02-XL-Orange,Hoodies & Sweatshirts
WH02-XS-Blue,Hoodies & Sweatshirts
WH02-XS-Green,Hoodies & Sweatshirts
WH02-XS-Orange,Hoodies & Sweatshirts
WH03-S-Pink,Hoodies & Sweatshirts
WH03-L-Green,Hoodies & Sweatshirts
WH03-L-Purple,Hoodies & Sweatshirts
WH03-L-Red,Hoodies & Sweatshirts
WH03-M-Green,Hoodies & Sweatshirts
WH03-M-Purple,Hoodies & Sweatshirts
WH03-M-Red,Hoodies & Sweatshirts
WH03-S-Green,Hoodies & Sweatshirts
WH03-S-Purple,Hoodies & Sweatshirts
WH03-S-Red,Hoodies & Sweatshirts
WH03-XL-Green,Hoodies & Sweatshirts
WH03-XL-Purple,Hoodies & Sweatshirts
WH03-XL-Red,Hoodies & Sweatshirts
WH03-XS-Green,Hoodies & Sweatshirts
WH03-XS-Purple,Hoodies & Sweatshirts
WH03-XS-Red,Hoodies & Sweatshirts
WH04-S-Pink,Hoodies & Sweatshirts
WH04-L-Blue,Hoodies & Sweatshirts
WH04-L-Orange,Hoodies & Sweatshirts
WH04-L-Purple,Hoodies & Sweatshirts
WH04-M-Blue,Hoodies & Sweatshirts
WH04-M-Orange,Hoodies & Sweatshirts
WH04-M-Purple,Hoodies & Sweatshirts
WH04-S-Blue,Hoodies & Sweatshirts
WH04-S-Orange,Hoodies & Sweatshirts
WH04-S-Purple,Hoodies & Sweatshirts
WH04-XL-Blue,Hoodies & Sweatshirts
WH04-XL-Orange,Hoodies & Sweatshirts
WH04-XL-Purple,Hoodies & Sweatshirts
WH04-XS-Blue,Hoodies & Sweatshirts
WH04-XS-Orange,Hoodies & Sweatshirts
WH04-XS-Purple,Hoodies & Sweatshirts
WH05-S-Pink,Hoodies & Sweatshirts
WH05-L-Orange,Hoodies & Sweatshirts
WH05-L-Purple,Hoodies & Sweatshirts
WH05-L-White,Hoodies & Sweatshirts
WH05-M-Orange,Hoodies & Sweatshirts
WH05-M-Purple,Hoodies & Sweatshirts
WH05-M-White,Hoodies & Sweatshirts
WH05-S-Orange,Hoodies & Sweatshirts
WH05-S-Purple,Hoodies & Sweatshirts
WH05-S-White,Hoodies & Sweatshirts
WH05-XL-Orange,Hoodies & Sweatshirts
WH05-XL-Purple,Hoodies & Sweatshirts
WH05-XL-White,Hoodies & Sweatshirts
WH05-XS-Orange,Hoodies & Sweatshirts
WH05-XS-Purple,Hoodies & Sweatshirts
WH05-XS-White,Hoodies & Sweatshirts
WH06-S-Pink,Hoodies & Sweatshirts
WH06-L-Purple,Hoodies & Sweatshirts
WH06-M-Purple,Hoodies & Sweatshirts
WH06-S-Purple,Hoodies & Sweatshirts
WH06-XL-Purple,Hoodies & Sweatshirts
WH06-XS-Purple,Hoodies & Sweatshirts
WH07-S-Pink,Hoodies & Sweatshirts
WH07-L-Gray,Hoodies & Sweatshirts
WH07-L-Purple,Hoodies & Sweatshirts
WH07-L-White,Hoodies & Sweatshirts
WH07-M-Gray,Hoodies & Sweatshirts
WH07-M-Purple,Hoodies & Sweatshirts
WH07-M-White,Hoodies & Sweatshirts
WH07-S-Gray,Hoodies & Sweatshirts
WH07-S-Purple,Hoodies & Sweatshirts
WH07-S-White,Hoodies & Sweatshirts
WH07-XL-Gray,Hoodies & Sweatshirts
WH07-XL-Purple,Hoodies & Sweatshirts
WH07-XL-White,Hoodies & Sweatshirts
WH07-XS-Gray,Hoodies & Sweatshirts
WH07-XS-Purple,Hoodies & Sweatshirts
WH07-XS-White,Hoodies & Sweatshirts
WH08-S-Pink,Hoodies & Sweatshirts
WH08-L-Orange,Hoodies & Sweatshirts
WH08-L-Purple,Hoodies & Sweatshirts
WH08-L-White,Hoodies & Sweatshirts
WH08-M-Orange,Hoodies & Sweatshirts
WH08-M-Purple,Hoodies & Sweatshirts
WH08-M-White,Hoodies & Sweatshirts
WH08-S-Orange,Hoodies & Sweatshirts
WH08-S-Purple,Hoodies & Sweatshirts
WH08-S-White,Hoodies & Sweatshirts
WH08-XL-Orange,Hoodies & Sweatshirts
WH08-XL-Purple,Hoodies & Sweatshirts
WH08-XL-White,Hoodies & Sweatshirts
WH08-XS-Orange,Hoodies & Sweatshirts
WH08-XS-Purple,Hoodies & Sweatshirts
WH08-XS-White,Hoodies & Sweatshirts
WH09-S-Pink,Hoodies & Sweatshirts
WH09-L-Green,Hoodies & Sweatshirts
WH09-L-Purple,Hoodies & Sweatshirts
WH09-L-Red,Hoodies & Sweatshirts
WH09-M-Green,Hoodies & Sweatshirts
WH09-M-Purple,Hoodies & Sweatshirts
WH09-M-Red,Hoodies & Sweatshirts
WH09-S-Green,Hoodies & Sweatshirts
WH09-S-Purple,Hoodies & Sweatshirts
WH09-S-Red,Hoodies & Sweatshirts
WH09-XL-Green,Hoodies & Sweatshirts
WH09-XL-Purple,Hoodies & Sweatshirts
WH09-XL-Red,Hoodies & Sweatshirts
WH09-XS-Green,Hoodies & Sweatshirts
WH09-XS-Purple,Hoodies & Sweatshirts
WH09-XS-Red,Hoodies & Sweatshirts
WH10-S-Pink,Hoodies & Sweatshirts
WH10-L-Blue,Hoodies & Sweatshirts
WH10-L-Gray,Hoodies & Sweatshirts
WH10-L-Yellow,Hoodies & Sweatshirts
WH10-M-Blue,Hoodies & Sweatshirts
WH10-M-Gray,Hoodies & Sweatshirts
WH10-M-Yellow,Hoodies & Sweatshirts
WH10-S-Blue,Hoodies & Sweatshirts
WH10-S-Gray,Hoodies & Sweatshirts
WH10-S-Yellow,Hoodies & Sweatshirts
WH10-XL-Blue,Hoodies & Sweatshirts
WH10-XL-Gray,Hoodies & Sweatshirts
WH10-XL-Yellow,Hoodies & Sweatshirts
WH10-XS-Blue,Hoodies & Sweatshirts
