Código do Produto,Descrição Completa do Produto,Gênero do Produto
MH01-S-Blue,Chaz Kangeroo Hoodie-S-Blue,men
MH01-L-Black,Chaz Kangeroo Hoodie-L-Black,men
MH01-L-Gray,Chaz Kangeroo Hoodie-L-Gray,men
MH01-L-Orange,Chaz Kangeroo Hoodie-L-Orange,men
MH01-M-Black,Chaz Kangeroo Hoodie-M-Black,men
MH01-M-Gray,Chaz Kangeroo Hoodie-M-Gray,men
MH01-M-Orange,Chaz Kangeroo Hoodie-M-Orange,men
MH01-S-Black,Chaz Kangeroo Hoodie-S-Black,men
MH01-S-Gray,Chaz Kangeroo Hoodie-S-Gray,men
MH01-S-Orange,Chaz Kangeroo Hoodie-S-Orange,men
MH01-XL-Black,Chaz Kangeroo Hoodie-XL-Black,men
MH01-XL-Gray,Chaz Kangeroo Hoodie-XL-Gray,men
MH01-XL-Orange,Chaz Kangeroo Hoodie-XL-Orange,men
MH01-XS-Black,Chaz Kangeroo Hoodie-XS-Black,men
MH01-XS-Gray,Chaz Kangeroo Hoodie-XS-Gray,men
MH01-XS-Orange,Chaz Kangeroo Hoodie-XS-Orange,men
MH02-S-Blue,Teton Pullover Hoodie-S-Blue,men
MH02-L-Black,Teton Pullover Hoodie-L-Black,men
MH02-L-Purple,Teton Pullover Hoodie-L-Purple,men
MH02-L-Red,Teton Pullover Hoodie-L-Red,men
MH02-M-Black,Teton Pullover Hoodie-M-Black,men
MH02-M-Purple,Teton Pullover Hoodie-M-Purple,men
MH02-M-Red,Teton Pullover Hoodie-M-Red,men
MH02-S-Black,Teton Pullover Hoodie-S-Black,men
MH02-S-Purple,Teton Pullover Hoodie-S-Purple,men
MH02-S-Red,Teton Pullover Hoodie-S-Red,men
MH02-XL-Black,Teton Pullover Hoodie-XL-Black,men
MH02-XL-Purple,Teton Pullover Hoodie-XL-Purple,men
MH02-XL-Red,Teton Pullover Hoodie-XL-Red,men
MH02-XS-Black,Teton Pullover Hoodie-XS-Black,men
MH02-XS-Purple,Teton Pullover Hoodie-XS-Purple,men
MH02-XS-Red,Teton Pullover Hoodie-XS-Red,men
MH03-S-Red,Bruno Compete Hoodie-S-Red,men
MH03-L-Black,Bruno Compete Hoodie-L-Black,men
MH03-L-Blue,Bruno Compete Hoodie-L-Blue,men
MH03-L-Green,Bruno Compete Hoodie-L-Green,men
MH03-M-Black,Bruno Compete Hoodie-M-Black,men
MH03-M-Blue,Bruno Compete Hoodie-M-Blue,men
MH03-M-Green,Bruno Compete Hoodie-M-Green,men
MH03-S-Black,Bruno Compete Hoodie-S-Black,men
MH03-S-Blue,Bruno Compete Hoodie-S-Blue,men
MH03-S-Green,Bruno Compete Hoodie-S-Green,men
MH03-XL-Black,Bruno Compete Hoodie-XL-Black,men
MH03-XL-Blue,Bruno Compete Hoodie-XL-Blue,men
MH03-XL-Green,Bruno Compete Hoodie-XL-Green,men
MH03-XS-Black,Bruno Compete Hoodie-XS-Black,men
MH03-XS-Blue,Bruno Compete Hoodie-XS-Blue,men
MH03-XS-Green,Bruno Compete Hoodie-XS-Green,men
MH04-S-Red,Frankie  Sweatshirt-S-Red,men
MH04-L-Green,Frankie  Sweatshirt-L-Green,men
MH04-L-White,Frankie  Sweatshirt-L-White,men
MH04-L-Yellow,Frankie  Sweatshirt-L-Yellow,men
MH04-M-Green,Frankie  Sweatshirt-M-Green,men
MH04-M-White,Frankie  Sweatshirt-M-White,men
MH04-M-Yellow,Frankie  Sweatshirt-M-Yellow,men
MH04-S-Green,Frankie  Sweatshirt-S-Green,men
MH04-S-White,Frankie  Sweatshirt-S-White,men
MH04-S-Yellow,Frankie  Sweatshirt-S-Yellow,men
MH04-XL-Green,Frankie  Sweatshirt-XL-Green,men
MH04-XL-White,Frankie  Sweatshirt-XL-White,men
MH04-XL-Yellow,Frankie  Sweatshirt-XL-Yellow,men
MH04-XS-Green,Frankie  Sweatshirt-XS-Green,men
MH04-XS-White,Frankie  Sweatshirt-XS-White,men
MH04-XS-Yellow,Frankie  Sweatshirt-XS-Yellow,men
MH05-S-Blue,Hollister Backyard Sweatshirt-S-Blue,men
MH05-L-Green,Hollister Backyard Sweatshirt-L-Green,men
MH05-L-Red,Hollister Backyard Sweatshirt-L-Red,men
MH05-L-White,Hollister Backyard Sweatshirt-L-White,men
MH05-M-Green,Hollister Backyard Sweatshirt-M-Green,men
MH05-M-Red,Hollister Backyard Sweatshirt-M-Red,men
MH05-M-White,Hollister Backyard Sweatshirt-M-White,men
MH05-S-Green,Hollister Backyard Sweatshirt-S-Green,men
MH05-S-Red,Hollister Backyard Sweatshirt-S-Red,men
MH05-S-White,Hollister Backyard Sweatshirt-S-White,men
MH05-XL-Green,Hollister Backyard Sweatshirt-XL-Green,men
MH05-XL-Red,Hollister Backyard Sweatshirt-XL-Red,men
MH05-XL-White,Hollister Backyard Sweatshirt-XL-White,men
MH05-XS-Green,Hollister Backyard Sweatshirt-XS-Green,men
MH05-XS-Red,Hollister Backyard Sweatshirt-XS-Red,men
MH05-XS-White,Hollister Backyard Sweatshirt-XS-White,men
MH06-S-Red,Stark Fundamental Hoodie-S-Red,men
MH06-L-Black,Stark Fundamental Hoodie-L-Black,men
MH06-L-Blue,Stark Fundamental Hoodie-L-Blue,men
MH06-L-Purple,Stark Fundamental Hoodie-L-Purple,men
MH06-M-Black,Stark Fundamental Hoodie-M-Black,men
MH06-M-Blue,Stark Fundamental Hoodie-M-Blue,men
MH06-M-Purple,Stark Fundamental Hoodie-M-Purple,men
MH06-S-Black,Stark Fundamental Hoodie-S-Black,men
MH06-S-Blue,Stark Fundamental Hoodie-S-Blue,men
MH06-S-Purple,Stark Fundamental Hoodie-S-Purple,men
MH06-XL-Black,Stark Fundamental Hoodie-XL-Black,men
MH06-XL-Blue,Stark Fundamental Hoodie-XL-Blue,men
MH06-XL-Purple,Stark Fundamental Hoodie-XL-Purple,men
MH06-XS-Black,Stark Fundamental Hoodie-XS-Black,men
MH06-XS-Blue,Stark Fundamental Hoodie-XS-Blue,men
MH06-XS-Purple,Stark Fundamental Hoodie-XS-Purple,men
MH07-S-White,Hero Hoodie-S-White,women
MH07-L-Black,Hero Hoodie-L-Black,women
MH07-L-Gray,Hero Hoodie-L-Gray,women
MH07-L-Green,Hero Hoodie-L-Green,women
MH07-M-Black,Hero Hoodie-M-Black,women
MH07-M-Gray,Hero Hoodie-M-Gray,women
MH07-M-Green,Hero Hoodie-M-Green,women
MH07-S-Black,Hero Hoodie-S-Black,women
MH07-S-Gray,Hero Hoodie-S-Gray,women
MH07-S-Green,Hero Hoodie-S-Green,women
MH07-XL-Black,Hero Hoodie-XL-Black,women
MH07-XL-Gray,Hero Hoodie-XL-Gray,women
MH07-XL-Green,Hero Hoodie-XL-Green,women
MH07-XS-Black,Hero Hoodie-XS-Black,women
MH07-XS-Gray,Hero Hoodie-XS-Gray,women
MH07-XS-Green,Hero Hoodie-XS-Green,women
MH08-S-Pink,Oslo Trek Hoodie-S-Pink,men
MH08-L-Brown,Oslo Trek Hoodie-L-Brown,men
MH08-L-Purple,Oslo Trek Hoodie-L-Purple,men
MH08-L-Red,Oslo Trek Hoodie-L-Red,men
MH08-M-Brown,Oslo Trek Hoodie-M-Brown,men
MH08-M-Purple,Oslo Trek Hoodie-M-Purple,men
MH08-M-Red,Oslo Trek Hoodie-M-Red,men
MH08-S-Brown,Oslo Trek Hoodie-S-Brown,men
MH08-S-Purple,Oslo Trek Hoodie-S-Purple,men
MH08-S-Red,Oslo Trek Hoodie-S-Red,men
MH08-XL-Brown,Oslo Trek Hoodie-XL-Brown,men
MH08-XL-Purple,Oslo Trek Hoodie-XL-Purple,men
MH08-XL-Red,Oslo Trek Hoodie-XL-Red,men
MH08-XS-Brown,Oslo Trek Hoodie-XS-Brown,men
MH08-XS-Purple,Oslo Trek Hoodie-XS-Purple,men
MH08-XS-Red,Oslo Trek Hoodie-XS-Red,men
MH09-S-Pink,Abominable Hoodie-S-Pink,men
MH09-L-Blue,Abominable Hoodie-L-Blue,men
MH09-L-Green,Abominable Hoodie-L-Green,men
MH09-L-Red,Abominable Hoodie-L-Red,men
MH09-M-Blue,Abominable Hoodie-M-Blue,men
MH09-M-Green,Abominable Hoodie-M-Green,men
MH09-M-Red,Abominable Hoodie-M-Red,men
MH09-S-Blue,Abominable Hoodie-S-Blue,men
MH09-S-Green,Abominable Hoodie-S-Green,men
MH09-S-Red,Abominable Hoodie-S-Red,men
MH09-XL-Blue,Abominable Hoodie-XL-Blue,men
MH09-XL-Green,Abominable Hoodie-XL-Green,men
MH09-XL-Red,Abominable Hoodie-XL-Red,men
MH09-XS-Blue,Abominable Hoodie-XS-Blue,men
MH09-XS-Green,Abominable Hoodie-XS-Green,men
MH09-XS-Red,Abominable Hoodie-XS-Red,men
MH10-S-Pink,Mach Street Sweatshirt -S-Pink,men
MH10-L-Black,Mach Street Sweatshirt -L-Black,men
MH10-L-Blue,Mach Street Sweatshirt -L-Blue,men
MH10-L-Red,Mach Street Sweatshirt -L-Red,men
MH10-M-Black,Mach Street Sweatshirt -M-Black,men
MH10-M-Blue,Mach Street Sweatshirt -M-Blue,men
MH10-M-Red,Mach Street Sweatshirt -M-Red,men
MH10-S-Black,Mach Street Sweatshirt -S-Black,men
MH10-S-Blue,Mach Street Sweatshirt -S-Blue,men
MH10-S-Red,Mach Street Sweatshirt -S-Red,men
MH10-XL-Black,Mach Street Sweatshirt -XL-Black,men
MH10-XL-Blue,Mach Street Sweatshirt -XL-Blue,men
MH10-XL-Red,Mach Street Sweatshirt -XL-Red,men
MH10-XS-Black,Mach Street Sweatshirt -XS-Black,men
MH10-XS-Blue,Mach Street Sweatshirt -XS-Blue,men
MH10-XS-Red,Mach Street Sweatshirt -XS-Red,men
MH11-S-Pink,Grayson Crewneck Sweatshirt -S-Pink,men
MH11-L-Orange,Grayson Crewneck Sweatshirt -L-Orange,men
MH11-L-Red,Grayson Crewneck Sweatshirt -L-Red,men
MH11-L-White,Grayson Crewneck Sweatshirt -L-White,men
MH11-M-Orange,Grayson Crewneck Sweatshirt -M-Orange,men
MH11-M-Red,Grayson Crewneck Sweatshirt -M-Red,men
MH11-M-White,Grayson Crewneck Sweatshirt -M-White,men
MH11-S-Orange,Grayson Crewneck Sweatshirt -S-Orange,men
MH11-S-Red,Grayson Crewneck Sweatshirt -S-Red,men
MH11-S-White,Grayson Crewneck Sweatshirt -S-White,men
MH11-XL-Orange,Grayson Crewneck Sweatshirt -XL-Orange,men
MH11-XL-Red,Grayson Crewneck Sweatshirt -XL-Red,men
MH11-XL-White,Grayson Crewneck Sweatshirt -XL-White,men
MH11-XS-Orange,Grayson Crewneck Sweatshirt -XS-Orange,men
MH11-XS-Red,Grayson Crewneck Sweatshirt -XS-Red,men
MH11-XS-White,Grayson Crewneck Sweatshirt -XS-White,men
MH12-S-Pink,Ajax Full Zip Sweatshirt-S-Pink,men
MH12-L-Blue,Ajax Full Zip Sweatshirt -L-Blue,men
MH12-L-Green,Ajax Full Zip Sweatshirt -L-Green,men
MH12-L-Red,Ajax Full Zip Sweatshirt -L-Red,men
MH12-M-Blue,Ajax Full Zip Sweatshirt -M-Blue,men
MH12-M-Green,Ajax Full Zip Sweatshirt -M-Green,men
MH12-M-Red,Ajax Full Zip Sweatshirt -M-Red,men
MH12-S-Blue,Ajax Full Zip Sweatshirt -S-Blue,men
MH12-S-Green,Ajax Full Zip Sweatshirt -S-Green,men
MH12-S-Red,Ajax Full Zip Sweatshirt -S-Red,men
MH12-XL-Blue,Ajax Full Zip Sweatshirt -XL-Blue,men
MH12-XL-Green,Ajax Full Zip Sweatshirt -XL-Green,men
MH12-XL-Red,Ajax Full Zip Sweatshirt -XL-Red,men
MH12-XS-Blue,Ajax Full Zip Sweatshirt -XS-Blue,men
MH12-XS-Green,Ajax Full Zip Sweatshirt -XS-Green,men
MH12-XS-Red,Ajax Full Zip Sweatshirt -XS-Red,men
MH13-S-Pink,Marco Lightweight Active Hoodie-S-Pink,men
MH13-L-Blue,Marco Lightweight Active Hoodie-L-Blue,men
MH13-L-Green,Marco Lightweight Active Hoodie-L-Green,men
MH13-L-Lavender,Marco Lightweight Active Hoodie-L-Lavender,men
MH13-M-Blue,Marco Lightweight Active Hoodie-M-Blue,men
MH13-M-Green,Marco Lightweight Active Hoodie-M-Green,men
MH13-M-Lavender,Marco Lightweight Active Hoodie-M-Lavender,men
MH13-S-Blue,Marco Lightweight Active Hoodie-S-Blue,men
MH13-S-Green,Marco Lightweight Active Hoodie-S-Green,men
MH13-S-Lavender,Marco Lightweight Active Hoodie-S-Lavender,men
MH13-XL-Blue,Marco Lightweight Active Hoodie-XL-Blue,men
MH13-XL-Green,Marco Lightweight Active Hoodie-XL-Green,men
MH13-XL-Lavender,Marco Lightweight Active Hoodie-XL-Lavender,men
MH13-XS-Blue,Marco Lightweight Active Hoodie-XS-Blue,men
MH13-XS-Green,Marco Lightweight Active Hoodie-XS-Green,men
MH13-XS-Lavender,Marco Lightweight Active Hoodie-XS-Lavender,men
MJ01-S-Pink,Beaumont Summit Kit-S-Pink,men
MJ01-L-Orange,Beaumont Summit Kit-L-Orange,men
MJ01-L-Red,Beaumont Summit Kit-L-Red,men
MJ01-L-Yellow,Beaumont Summit Kit-L-Yellow,men
MJ01-M-Orange,Beaumont Summit Kit-M-Orange,men
MJ01-M-Red,Beaumont Summit Kit-M-Red,men
MJ01-M-Yellow,Beaumont Summit Kit-M-Yellow,men
MJ01-S-Orange,Beaumont Summit Kit-S-Orange,men
MJ01-S-Red,Beaumont Summit Kit-S-Red,men
MJ01-S-Yellow,Beaumont Summit Kit-S-Yellow,men
MJ01-XL-Orange,Beaumont Summit Kit-XL-Orange,men
MJ01-XL-Red,Beaumont Summit Kit-XL-Red,men
MJ01-XL-Yellow,Beaumont Summit Kit-XL-Yellow,men
MJ01-XS-Orange,Beaumont Summit Kit-XS-Orange,men
MJ01-XS-Red,Beaumont Summit Kit-XS-Red,men
MJ01-XS-Yellow,Beaumont Summit Kit-XS-Yellow,men
MJ02-S-Pink,Hyperion Elements Jacket-S-Pink,men
MJ02-L-Green,Hyperion Elements Jacket-L-Green,men
MJ02-L-Orange,Hyperion Elements Jacket-L-Orange,men
MJ02-L-Red,Hyperion Elements Jacket-L-Red,men
MJ02-M-Green,Hyperion Elements Jacket-M-Green,men
MJ02-M-Orange,Hyperion Elements Jacket-M-Orange,men
MJ02-M-Red,Hyperion Elements Jacket-M-Red,men
MJ02-S-Green,Hyperion Elements Jacket-S-Green,men
MJ02-S-Orange,Hyperion Elements Jacket-S-Orange,men
MJ02-S-Red,Hyperion Elements Jacket-S-Red,men
MJ02-XL-Green,Hyperion Elements Jacket-XL-Green,men
MJ02-XL-Orange,Hyperion Elements Jacket-XL-Orange,men
MJ02-XL-Red,Hyperion Elements Jacket-XL-Red,men
MJ02-XS-Green,Hyperion Elements Jacket-XS-Green,men
MJ02-XS-Orange,Hyperion Elements Jacket-XS-Orange,men
MJ02-XS-Red,Hyperion Elements Jacket-XS-Red,men
MJ03-S-Pink,Montana Wind Jacket-S-Pink,women
MJ03-L-Black,Montana Wind Jacket-L-Black,women
MJ03-L-Green,Montana Wind Jacket-L-Green,women
MJ03-L-Red,Montana Wind Jacket-L-Red,women
MJ03-M-Black,Montana Wind Jacket-M-Black,women
MJ03-M-Green,Montana Wind Jacket-M-Green,women
MJ03-M-Red,Montana Wind Jacket-M-Red,women
MJ03-S-Black,Montana Wind Jacket-S-Black,women
MJ03-S-Green,Montana Wind Jacket-S-Green,women
MJ03-S-Red,Montana Wind Jacket-S-Red,women
MJ03-XL-Black,Montana Wind Jacket-XL-Black,women
MJ03-XL-Green,Montana Wind Jacket-XL-Green,women
MJ03-XL-Red,Montana Wind Jacket-XL-Red,women
MJ03-XS-Black,Montana Wind Jacket-XS-Black,women
MJ03-XS-Green,Montana Wind Jacket-XS-Green,women
MJ03-XS-Red,Montana Wind Jacket-XS-Red,women
MJ04-S-Pink,Kenobi Trail Jacket-S-Pink,men
MJ04-L-Black,Kenobi Trail Jacket-L-Black,men
MJ04-L-Blue,Kenobi Trail Jacket-L-Blue,men
MJ04-L-Purple,Kenobi Trail Jacket-L-Purple,men
MJ04-M-Black,Kenobi Trail Jacket-M-Black,men
MJ04-M-Blue,Kenobi Trail Jacket-M-Blue,men
MJ04-M-Purple,Kenobi Trail Jacket-M-Purple,men
MJ04-S-Black,Kenobi Trail Jacket-S-Black,men
MJ04-S-Blue,Kenobi Trail Jacket-S-Blue,men
MJ04-S-Purple,Kenobi Trail Jacket-S-Purple,men
MJ04-XL-Black,Kenobi Trail Jacket-XL-Black,men
MJ04-XL-Blue,Kenobi Trail Jacket-XL-Blue,men
MJ04-XL-Purple,Kenobi Trail Jacket-XL-Purple,men
MJ04-XS-Black,Kenobi Trail Jacket-XS-Black,men
MJ04-XS-Blue,Kenobi Trail Jacket-XS-Blue,men
MJ04-XS-Purple,Kenobi Trail Jacket-XS-Purple,men
MJ06-S-Pink,Jupiter All Weather Trainer-S-Pink,women
MJ06-L-Blue,Jupiter All Weather Trainer -L-Blue,women
MJ06-L-Green,Jupiter All Weather Trainer -L-Green,women
MJ06-L-Purple,Jupiter All Weather Trainer -L-Purple,women
MJ06-M-Blue,Jupiter All Weather Trainer -M-Blue,women
MJ06-M-Green,Jupiter All Weather Trainer -M-Green,women
MJ06-M-Purple,Jupiter All Weather Trainer -M-Purple,women
MJ06-S-Blue,Jupiter All Weather Trainer -S-Blue,women
MJ06-S-Green,Jupiter All Weather Trainer -S-Green,women
MJ06-S-Purple,Jupiter All Weather Trainer -S-Purple,women
MJ06-XL-Blue,Jupiter All Weather Trainer -XL-Blue,women
MJ06-XL-Green,Jupiter All Weather Trainer -XL-Green,women
MJ06-XL-Purple,Jupiter All Weather Trainer -XL-Purple,women
MJ06-XS-Blue,Jupiter All Weather Trainer -XS-Blue,women
MJ06-XS-Green,Jupiter All Weather Trainer -XS-Green,women
MJ06-XS-Purple,Jupiter All Weather Trainer -XS-Purple,women
MJ07-S-Pink,Orion Two Tone Fitted Jacket-S-Pink,women
MJ07-L-Black,Orion Two Tone Fitted Jacket-L-Black,women
MJ07-L-Red,Orion Two Tone Fitted Jacket-L-Red,women
MJ07-L-Yellow,Orion Two Tone Fitted Jacket-L-Yellow,women
MJ07-M-Black,Orion Two Tone Fitted Jacket-M-Black,women
MJ07-M-Red,Orion Two Tone Fitted Jacket-M-Red,women
MJ07-M-Yellow,Orion Two Tone Fitted Jacket-M-Yellow,women
MJ07-S-Black,Orion Two Tone Fitted Jacket-S-Black,women
MJ07-S-Red,Orion Two Tone Fitted Jacket-S-Red,women
MJ07-S-Yellow,Orion Two Tone Fitted Jacket-S-Yellow,women
MJ07-XL-Black,Orion Two Tone Fitted Jacket-XL-Black,women
MJ07-XL-Red,Orion Two Tone Fitted Jacket-XL-Red,women
MJ07-XL-Yellow,Orion Two Tone Fitted Jacket-XL-Yellow,women
MJ07-XS-Black,Orion Two Tone Fitted Jacket-XS-Black,women
MJ07-XS-Red,Orion Two Tone Fitted Jacket-XS-Red,women
MJ07-XS-Yellow,Orion Two Tone Fitted Jacket-XS-Yellow,women
MJ08-S-Pink,Lando Gym Jacket-S-Pink,women
MJ08-L-Blue,Lando Gym Jacket-L-Blue,women
MJ08-L-Gray,Lando Gym Jacket-L-Gray,women
MJ08-L-Green,Lando Gym Jacket-L-Green,women
MJ08-M-Blue,Lando Gym Jacket-M-Blue,women
MJ08-M-Gray,Lando Gym Jacket-M-Gray,women
MJ08-M-Green,Lando Gym Jacket-M-Green,women
MJ08-S-Blue,Lando Gym Jacket-S-Blue,women
MJ08-S-Gray,Lando Gym Jacket-S-Gray,women
MJ08-S-Green,Lando Gym Jacket-S-Green,women
MJ08-XL-Blue,Lando Gym Jacket-XL-Blue,women
MJ08-XL-Gray,Lando Gym Jacket-XL-Gray,women
MJ08-XL-Green,Lando Gym Jacket-XL-Green,women
MJ08-XS-Blue,Lando Gym Jacket-XS-Blue,women
MJ08-XS-Gray,Lando Gym Jacket-XS-Gray,women
MJ08-XS-Green,Lando Gym Jacket-XS-Green,women
MJ09-S-Pink,Taurus Elements Shell-S-Pink,women
MJ09-L-Blue,Taurus Elements Shell-L-Blue,women
MJ09-L-White,Taurus Elements Shell-L-White,women
MJ09-L-Yellow,Taurus Elements Shell-L-Yellow,women
MJ09-M-Blue,Taurus Elements Shell-M-Blue,women
MJ09-M-White,Taurus Elements Shell-M-White,women
MJ09-M-Yellow,Taurus Elements Shell-M-Yellow,women
MJ09-S-Blue,Taurus Elements Shell-S-Blue,women
MJ09-S-White,Taurus Elements Shell-S-White,women
MJ09-S-Yellow,Taurus Elements Shell-S-Yellow,women
MJ09-XL-Blue,Taurus Elements Shell-XL-Blue,women
MJ09-XL-White,Taurus Elements Shell-XL-White,women
MJ09-XL-Yellow,Taurus Elements Shell-XL-Yellow,women
MJ09-XS-Blue,Taurus Elements Shell-XS-Blue,women
MJ09-XS-White,Taurus Elements Shell-XS-White,women
MJ09-XS-Yellow,Taurus Elements Shell-XS-Yellow,women
MJ10-S-Pink,Mars HeatTech Pullover-S-Pink,men
MJ10-L-Black,Mars HeatTech Pullover-L-Black,men
MJ10-L-Orange,Mars HeatTech Pullover-L-Orange,men
MJ10-L-Red,Mars HeatTech Pullover-L-Red,men
MJ10-M-Black,Mars HeatTech Pullover-M-Black,men
MJ10-M-Orange,Mars HeatTech Pullover-M-Orange,men
MJ10-M-Red,Mars HeatTech Pullover-M-Red,men
MJ10-S-Black,Mars HeatTech Pullover-S-Black,men
MJ10-S-Orange,Mars HeatTech Pullover-S-Orange,men
MJ10-S-Red,Mars HeatTech Pullover-S-Red,men
MJ10-XL-Black,Mars HeatTech Pullover-XL-Black,men
MJ10-XL-Orange,Mars HeatTech Pullover-XL-Orange,men
MJ10-XL-Red,Mars HeatTech Pullover-XL-Red,men
MJ10-XS-Black,Mars HeatTech Pullover-XS-Black,men
MJ10-XS-Orange,Mars HeatTech Pullover-XS-Orange,men
MJ10-XS-Red,Mars HeatTech Pullover-XS-Red,men
MJ11-S-Pink,Typhon Performance Fleece lined Jacket-S-Pink,women
MJ11-L-Black,Typhon Performance Fleece lined Jacket-L-Black,women
MJ11-L-Green,Typhon Performance Fleece lined Jacket-L-Green,women
MJ11-L-Red,Typhon Performance Fleece lined Jacket-L-Red,women
MJ11-M-Black,Typhon Performance Fleece lined Jacket-M-Black,women
MJ11-M-Green,Typhon Performance Fleece lined Jacket-M-Green,women
MJ11-M-Red,Typhon Performance Fleece lined Jacket-M-Red,women
MJ11-S-Black,Typhon Performance Fleece lined Jacket-S-Black,women
MJ11-S-Green,Typhon Performance Fleece lined Jacket-S-Green,women
MJ11-S-Red,Typhon Performance Fleece lined Jacket-S-Red,women
MJ11-XL-Black,Typhon Performance Fleece lined Jacket-XL-Black,women
MJ11-XL-Green,Typhon Performance Fleece lined Jacket-XL-Green,women
MJ11-XL-Red,Typhon Performance Fleece lined Jacket-XL-Red,women
MJ11-XS-Black,Typhon Performance Fleece lined Jacket-XS-Black,women
MJ11-XS-Green,Typhon Performance Fleece lined Jacket-XS-Green,women
MJ11-XS-Red,Typhon Performance Fleece lined Jacket-XS-Red,women
MJ12-S-Pink,Proteus Fitness Jackshirt-S-Pink,men
MJ12-L-Black,Proteus Fitness Jackshirt-L-Black,men
MJ12-L-Blue,Proteus Fitness Jackshirt-L-Blue,men
MJ12-L-Orange,Proteus Fitness Jackshirt-L-Orange,men
MJ12-M-Black,Proteus Fitness Jackshirt-M-Black,men
MJ12-M-Blue,Proteus Fitness Jackshirt-M-Blue,men
MJ12-M-Orange,Proteus Fitness Jackshirt-M-Orange,men
MJ12-S-Black,Proteus Fitness Jackshirt-S-Black,men
MJ12-S-Blue,Proteus Fitness Jackshirt-S-Blue,men
MJ12-S-Orange,Proteus Fitness Jackshirt-S-Orange,men
MJ12-XL-Black,Proteus Fitness Jackshirt-XL-Black,men
MJ12-XL-Blue,Proteus Fitness Jackshirt-XL-Blue,men
MJ12-XL-Orange,Proteus Fitness Jackshirt-XL-Orange,men
MJ12-XS-Black,Proteus Fitness Jackshirt-XS-Black,men
MJ12-XS-Blue,Proteus Fitness Jackshirt-XS-Blue,men
MJ12-XS-Orange,Proteus Fitness Jackshirt-XS-Orange,men
MP01-32-Pink,Caesar Warm Up Pant-32-Pink,women
MP01-32-Black,Caesar Warm Up Pant-32-Black,women
MP01-32-Gray,Caesar Warm Up Pant-32-Gray,women
MP01-32-Purple,Caesar Warm Up Pant-32-Purple,women
MP01-33-Black,Caesar Warm Up Pant-33-Black,women
MP01-33-Gray,Caesar Warm Up Pant-33-Gray,women
MP01-33-Purple,Caesar Warm Up Pant-33-Purple,women
MP01-34-Black,Caesar Warm Up Pant-34-Black,women
MP01-34-Gray,Caesar Warm Up Pant-34-Gray,women
MP01-34-Purple,Caesar Warm Up Pant-34-Purple,women
MP01-36-Black,Caesar Warm Up Pant-36-Black,women
MP01-36-Gray,Caesar Warm Up Pant-36-Gray,women
MP01-36-Purple,Caesar Warm Up Pant-36-Purple,women
MP02-32-Pink,Viktor LumaTech Pant-32-Pink,men
MP02-32-Blue,Viktor LumaTech Pant-32-Blue,men
MP02-32-Gray,Viktor LumaTech Pant-32-Gray,men
MP02-32-Red,Viktor LumaTech Pant-32-Red,men
MP02-33-Blue,Viktor LumaTech Pant-33-Blue,men
MP02-33-Gray,Viktor LumaTech Pant-33-Gray,men
MP02-33-Red,Viktor LumaTech Pant-33-Red,men
MP02-34-Blue,Viktor LumaTech Pant-34-Blue,men
MP02-34-Gray,Viktor LumaTech Pant-34-Gray,men
MP02-34-Red,Viktor LumaTech Pant-34-Red,men
MP02-36-Blue,Viktor LumaTech Pant-36-Blue,men
MP02-36-Gray,Viktor LumaTech Pant-36-Gray,men
MP02-36-Red,Viktor LumaTech Pant-36-Red,men
MP03-32-Pink,Geo Insulated Jogging Pant-32-Pink,men
MP03-32-Blue,Geo Insulated Jogging Pant-32-Blue,men
MP03-32-Green,Geo Insulated Jogging Pant-32-Green,men
MP03-32-Red,Geo Insulated Jogging Pant-32-Red,men
MP03-33-Blue,Geo Insulated Jogging Pant-33-Blue,men
MP03-33-Green,Geo Insulated Jogging Pant-33-Green,men
MP03-33-Red,Geo Insulated Jogging Pant-33-Red,men
MP03-34-Blue,Geo Insulated Jogging Pant-34-Blue,men
MP03-34-Green,Geo Insulated Jogging Pant-34-Green,men
MP03-34-Red,Geo Insulated Jogging Pant-34-Red,men
MP03-36-Blue,Geo Insulated Jogging Pant-36-Blue,men
MP03-36-Green,Geo Insulated Jogging Pant-36-Green,men
MP03-36-Red,Geo Insulated Jogging Pant-36-Red,men
MP04-32-Pink,Supernova Sport Pant-32-Pink,men
MP04-32-Black,Supernova Sport Pant-32-Black,men
MP04-32-Gray,Supernova Sport Pant-32-Gray,men
MP04-32-Green,Supernova Sport Pant-32-Green,men
MP04-33-Black,Supernova Sport Pant-33-Black,men
MP04-33-Gray,Supernova Sport Pant-33-Gray,men
MP04-33-Green,Supernova Sport Pant-33-Green,men
MP04-34-Black,Supernova Sport Pant-34-Black,men
MP04-34-Gray,Supernova Sport Pant-34-Gray,men
MP04-34-Green,Supernova Sport Pant-34-Green,men
MP04-36-Black,Supernova Sport Pant-36-Black,men
MP04-36-Gray,Supernova Sport Pant-36-Gray,men
MP04-36-Green,Supernova Sport Pant-36-Green,men
MP05-32-Pink,Kratos Gym Pant-32-Pink,men
MP05-32-Black,Kratos Gym Pant-32-Black,men
MP05-32-Blue,Kratos Gym Pant-32-Blue,men
MP05-32-Green,Kratos Gym Pant-32-Green,men
MP05-33-Black,Kratos Gym Pant-33-Black,men
MP05-33-Blue,Kratos Gym Pant-33-Blue,men
MP05-33-Green,Kratos Gym Pant-33-Green,men
MP05-34-Black,Kratos Gym Pant-34-Black,men
MP05-34-Blue,Kratos Gym Pant-34-Blue,men
MP05-34-Green,Kratos Gym Pant-34-Green,men
MP05-36-Black,Kratos Gym Pant-36-Black,men
MP05-36-Blue,Kratos Gym Pant-36-Blue,men
MP05-36-Green,Kratos Gym Pant-36-Green,men
MP06-32-Pink,Mithra Warmup Pant-32-Pink,men
MP06-32-Gray,Mithra Warmup Pant-32-Gray,men
MP06-32-Green,Mithra Warmup Pant-32-Green,men
MP06-32-Orange,Mithra Warmup Pant-32-Orange,men
MP06-33-Gray,Mithra Warmup Pant-33-Gray,men
MP06-33-Green,Mithra Warmup Pant-33-Green,men
MP06-33-Orange,Mithra Warmup Pant-33-Orange,men
MP06-34-Gray,Mithra Warmup Pant-34-Gray,men
MP06-34-Green,Mithra Warmup Pant-34-Green,men
MP06-34-Orange,Mithra Warmup Pant-34-Orange,men
MP06-36-Gray,Mithra Warmup Pant-36-Gray,men
MP06-36-Green,Mithra Warmup Pant-36-Green,men
MP06-36-Orange,Mithra Warmup Pant-36-Orange,men
MP07-32-Pink,Thorpe Track Pant-32-Pink,men
MP07-32-Black,Thorpe Track Pant-32-Black,men
MP07-32-Blue,Thorpe Track Pant-32-Blue,men
MP07-32-Purple,Thorpe Track Pant-32-Purple,men
MP07-33-Black,Thorpe Track Pant-33-Black,men
MP07-33-Blue,Thorpe Track Pant-33-Blue,men
MP07-33-Purple,Thorpe Track Pant-33-Purple,men
MP07-34-Black,Thorpe Track Pant-34-Black,men
MP07-34-Blue,Thorpe Track Pant-34-Blue,men
MP07-34-Purple,Thorpe Track Pant-34-Purple,men
MP07-36-Black,Thorpe Track Pant-36-Black,men
MP07-36-Blue,Thorpe Track Pant-36-Blue,men
MP07-36-Purple,Thorpe Track Pant-36-Purple,men
MP08-32-Pink,Zeppelin Yoga Pant-32-Pink,women
MP08-32-Blue,Zeppelin Yoga Pant-32-Blue,women
MP08-32-Green,Zeppelin Yoga Pant-32-Green,women
MP08-32-Red,Zeppelin Yoga Pant-32-Red,women
MP08-33-Blue,Zeppelin Yoga Pant-33-Blue,women
MP08-33-Green,Zeppelin Yoga Pant-33-Green,women
MP08-33-Red,Zeppelin Yoga Pant-33-Red,women
MP08-34-Blue,Zeppelin Yoga Pant-34-Blue,women
MP08-34-Green,Zeppelin Yoga Pant-34-Green,women
MP08-34-Red,Zeppelin Yoga Pant-34-Red,women
MP08-36-Blue,Zeppelin Yoga Pant-36-Blue,women
MP08-36-Green,Zeppelin Yoga Pant-36-Green,women
MP08-36-Red,Zeppelin Yoga Pant-36-Red,women
MP09-32-Pink,Livingston All Purpose Tight-32-Pink,women
MP09-32-Black,Livingston All Purpose Tight-32-Black,women
MP09-32-Blue,Livingston All Purpose Tight-32-Blue,women
MP09-32-Red,Livingston All Purpose Tight-32-Red,women
MP09-33-Black,Livingston All Purpose Tight-33-Black,women
MP09-33-Blue,Livingston All Purpose Tight-33-Blue,women
MP09-33-Red,Livingston All Purpose Tight-33-Red,women
MP09-34-Black,Livingston All Purpose Tight-34-Black,women
MP09-34-Blue,Livingston All Purpose Tight-34-Blue,women
MP09-34-Red,Livingston All Purpose Tight-34-Red,women
MP09-36-Black,Livingston All Purpose Tight-36-Black,women
MP09-36-Blue,Livingston All Purpose Tight-36-Blue,women
MP09-36-Red,Livingston All Purpose Tight-36-Red,women
MP10-32-Pink,Orestes Yoga Pant-32-Pink,women
MP10-32-Black,Orestes Yoga Pant-32-Black,women
MP10-32-Blue,Orestes Yoga Pant-32-Blue,women
MP10-32-Green,Orestes Yoga Pant-32-Green,women
MP10-33-Black,Orestes Yoga Pant-33-Black,women
MP10-33-Blue,Orestes Yoga Pant-33-Blue,women
MP10-33-Green,Orestes Yoga Pant-33-Green,women
MP10-34-Black,Orestes Yoga Pant-34-Black,women
MP10-34-Blue,Orestes Yoga Pant-34-Blue,women
MP10-34-Green,Orestes Yoga Pant-34-Green,women
MP10-36-Black,Orestes Yoga Pant-36-Black,women
MP10-36-Blue,Orestes Yoga Pant-36-Blue,women
MP10-36-Green,Orestes Yoga Pant-36-Green,women
MP11-32-Pink,Aether Gym Pant-32-Pink,men
MP11-32-Blue,Aether Gym Pant-32-Blue,men
MP11-32-Brown,Aether Gym Pant-32-Brown,men
MP11-32-Green,Aether Gym Pant-32-Green,men
MP11-33-Blue,Aether Gym Pant-33-Blue,men
MP11-33-Brown,Aether Gym Pant-33-Brown,men
MP11-33-Green,Aether Gym Pant-33-Green,men
MP11-34-Blue,Aether Gym Pant-34-Blue,men
MP11-34-Brown,Aether Gym Pant-34-Brown,men
MP11-34-Green,Aether Gym Pant-34-Green,men
MP11-36-Blue,Aether Gym Pant-36-Blue,men
MP11-36-Brown,Aether Gym Pant-36-Brown,men
MP11-36-Green,Aether Gym Pant-36-Green,men
MP12-32-Pink,Cronus Yoga Pant-32-Pink,women
MP12-32-Black,Cronus Yoga Pant-32-Black,women
MP12-32-Blue,Cronus Yoga Pant-32-Blue,women
MP12-32-Red,Cronus Yoga Pant-32-Red,women
MP12-33-Black,Cronus Yoga Pant-33-Black,women
MP12-33-Blue,Cronus Yoga Pant-33-Blue,women
MP12-33-Red,Cronus Yoga Pant-33-Red,women
MP12-34-Black,Cronus Yoga Pant-34-Black,women
MP12-34-Blue,Cronus Yoga Pant-34-Blue,women
MP12-34-Red,Cronus Yoga Pant-34-Red,women
MP12-36-Black,Cronus Yoga Pant-36-Black,women
MP12-36-Blue,Cronus Yoga Pant-36-Blue,women
MP12-36-Red,Cronus Yoga Pant-36-Red,women
MS01-S-Pink,Aero Daily Fitness Tee-S-Pink,women
MS01-L-Black,Aero Daily Fitness Tee-L-Black,women
MS01-L-Brown,Aero Daily Fitness Tee-L-Brown,women
MS01-L-Yellow,Aero Daily Fitness Tee-L-Yellow,women
MS01-M-Black,Aero Daily Fitness Tee-M-Black,women
MS01-M-Brown,Aero Daily Fitness Tee-M-Brown,women
MS01-M-Yellow,Aero Daily Fitness Tee-M-Yellow,women
MS01-S-Black,Aero Daily Fitness Tee-S-Black,women
MS01-S-Brown,Aero Daily Fitness Tee-S-Brown,women
MS01-S-Yellow,Aero Daily Fitness Tee-S-Yellow,women
MS01-XL-Black,Aero Daily Fitness Tee-XL-Black,women
MS01-XL-Brown,Aero Daily Fitness Tee-XL-Brown,women
MS01-XL-Yellow,Aero Daily Fitness Tee-XL-Yellow,women
MS01-XS-Black,Aero Daily Fitness Tee-XS-Black,women
MS01-XS-Brown,Aero Daily Fitness Tee-XS-Brown,women
MS01-XS-Yellow,Aero Daily Fitness Tee-XS-Yellow,women
MS02-S-Pink,Ryker LumaTech Tee (V neck)-S-Pink,men
MS02-L-Black,Ryker LumaTech Tee (V neck)-L-Black,men
MS02-L-Blue,Ryker LumaTech Tee (V neck)-L-Blue,men
MS02-L-Gray,Ryker LumaTech Tee (V neck)-L-Gray,men
MS02-M-Black,Ryker LumaTech Tee (V neck)-M-Black,men
MS02-M-Blue,Ryker LumaTech Tee (V neck)-M-Blue,men
MS02-M-Gray,Ryker LumaTech Tee (V neck)-M-Gray,men
MS02-S-Black,Ryker LumaTech Tee (V neck)-S-Black,men
MS02-S-Blue,Ryker LumaTech Tee (V neck)-S-Blue,men
MS02-S-Gray,Ryker LumaTech Tee (V neck)-S-Gray,men
MS02-XL-Black,Ryker LumaTech Tee (V neck)-XL-Black,men
MS02-XL-Blue,Ryker LumaTech Tee (V neck)-XL-Blue,men
MS02-XL-Gray,Ryker LumaTech Tee (V neck)-XL-Gray,men
MS02-XS-Black,Ryker LumaTech Tee (V neck)-XS-Black,men
MS02-XS-Blue,Ryker LumaTech Tee (V neck)-XS-Blue,men
MS02-XS-Gray,Ryker LumaTech Tee (V neck)-XS-Gray,men
MS03-S-Pink,Balboa Persistence Tee-S-Pink,women
MS03-L-Gray,Balboa Persistence Tee-L-Gray,women
MS03-L-Green,Balboa Persistence Tee-L-Green,women
MS03-L-Orange,Balboa Persistence Tee-L-Orange,women
MS03-M-Gray,Balboa Persistence Tee-M-Gray,women
MS03-M-Green,Balboa Persistence Tee-M-Green,women
MS03-M-Orange,Balboa Persistence Tee-M-Orange,women
MS03-S-Gray,Balboa Persistence Tee-S-Gray,women
MS03-S-Green,Balboa Persistence Tee-S-Green,women
MS03-S-Orange,Balboa Persistence Tee-S-Orange,women
MS03-XL-Gray,Balboa Persistence Tee-XL-Gray,women
MS03-XL-Green,Balboa Persistence Tee-XL-Green,women
MS03-XL-Orange,Balboa Persistence Tee-XL-Orange,women
MS03-XS-Gray,Balboa Persistence Tee-XS-Gray,women
MS03-XS-Green,Balboa Persistence Tee-XS-Green,women
MS03-XS-Orange,Balboa Persistence Tee-XS-Orange,women
MS04-S-Pink,Gobi HeatTec Tee-S-Pink,men
MS04-L-Black,Gobi HeatTec Tee-L-Black,men
MS04-L-Orange,Gobi HeatTec Tee-L-Orange,men
MS04-L-Red,Gobi HeatTec Tee-L-Red,men
MS04-M-Black,Gobi HeatTec Tee-M-Black,men
MS04-M-Orange,Gobi HeatTec Tee-M-Orange,men
MS04-M-Red,Gobi HeatTec Tee-M-Red,men
MS04-S-Black,Gobi HeatTec Tee-S-Black,men
MS04-S-Orange,Gobi HeatTec Tee-S-Orange,men
MS04-S-Red,Gobi HeatTec Tee-S-Red,men
MS04-XL-Black,Gobi HeatTec Tee-XL-Black,men
MS04-XL-Orange,Gobi HeatTec Tee-XL-Orange,men
MS04-XL-Red,Gobi HeatTec Tee-XL-Red,men
MS04-XS-Black,Gobi HeatTec Tee-XS-Black,men
MS04-XS-Orange,Gobi HeatTec Tee-XS-Orange,men
MS04-XS-Red,Gobi HeatTec Tee-XS-Red,men
MS05-S-Pink,Helios EverCool Tee-S-Pink,women
MS05-L-Black,Helios EverCool Tee-L-Black,women
MS05-L-Blue,Helios EverCool Tee-L-Blue,women
MS05-L-Purple,Helios EverCool Tee-L-Purple,women
MS05-M-Black,Helios EverCool Tee-M-Black,women
MS05-M-Blue,Helios EverCool Tee-M-Blue,women
MS05-M-Purple,Helios EverCool Tee-M-Purple,women
MS05-S-Black,Helios EverCool Tee-S-Black,women
MS05-S-Blue,Helios EverCool Tee-S-Blue,women
MS05-S-Purple,Helios EverCool Tee-S-Purple,women
MS05-XL-Black,Helios EverCool Tee-XL-Black,women
MS05-XL-Blue,Helios EverCool Tee-XL-Blue,women
MS05-XL-Purple,Helios EverCool Tee-XL-Purple,women
MS05-XS-Black,Helios EverCool Tee-XS-Black,women
MS05-XS-Blue,Helios EverCool Tee-XS-Blue,women
MS05-XS-Purple,Helios EverCool Tee-XS-Purple,women
MS06-S-Pink,Zoltan Gym Tee-S-Pink,men
MS06-L-Blue,Zoltan Gym Tee-L-Blue,men
MS06-L-Green,Zoltan Gym Tee-L-Green,men
MS06-L-Yellow,Zoltan Gym Tee-L-Yellow,men
MS06-M-Blue,Zoltan Gym Tee-M-Blue,men
MS06-M-Green,Zoltan Gym Tee-M-Green,men
MS06-M-Yellow,Zoltan Gym Tee-M-Yellow,men
MS06-S-Blue,Zoltan Gym Tee-S-Blue,men
MS06-S-Green,Zoltan Gym Tee-S-Green,men
MS06-S-Yellow,Zoltan Gym Tee-S-Yellow,men
MS06-XL-Blue,Zoltan Gym Tee-XL-Blue,men
MS06-XL-Green,Zoltan Gym Tee-XL-Green,men
MS06-XL-Yellow,Zoltan Gym Tee-XL-Yellow,men
MS06-XS-Blue,Zoltan Gym Tee-XS-Blue,men
MS06-XS-Green,Zoltan Gym Tee-XS-Green,men
MS06-XS-Yellow,Zoltan Gym Tee-XS-Yellow,men
MS07-S-Pink,Deion Long Sleeve EverCool Tee-S-Pink,women
MS07-L-Black,Deion Long Sleeve EverCool Tee-L-Black,women
MS07-L-Green,Deion Long Sleeve EverCool Tee-L-Green,women
MS07-L-White,Deion Long Sleeve EverCool Tee-L-White,women
MS07-M-Black,Deion Long Sleeve EverCool Tee-M-Black,women
MS07-M-Green,Deion Long Sleeve EverCool Tee-M-Green,women
MS07-M-White,Deion Long Sleeve EverCool Tee-M-White,women
MS07-S-Black,Deion Long Sleeve EverCool Tee-S-Black,women
MS07-S-Green,Deion Long Sleeve EverCool Tee-S-Green,women
MS07-S-White,Deion Long Sleeve EverCool Tee-S-White,women
MS07-XL-Black,Deion Long Sleeve EverCool Tee-XL-Black,women
MS07-XL-Green,Deion Long Sleeve EverCool Tee-XL-Green,women
MS07-XL-White,Deion Long Sleeve EverCool Tee-XL-White,women
MS07-XS-Black,Deion Long Sleeve EverCool Tee-XS-Black,women
MS07-XS-Green,Deion Long Sleeve EverCool Tee-XS-Green,women
MS07-XS-White,Deion Long Sleeve EverCool Tee-XS-White,women
MS08-S-Pink,Strike Endurance Tee-S-Pink,men
MS08-L-Black,Strike Endurance Tee-L-Black,men
MS08-L-Blue,Strike Endurance Tee-L-Blue,men
MS08-L-Red,Strike Endurance Tee-L-Red,men
MS08-M-Black,Strike Endurance Tee-M-Black,men
MS08-M-Blue,Strike Endurance Tee-M-Blue,men
MS08-M-Red,Strike Endurance Tee-M-Red,men
MS08-S-Black,Strike Endurance Tee-S-Black,men
MS08-S-Blue,Strike Endurance Tee-S-Blue,men
MS08-S-Red,Strike Endurance Tee-S-Red,men
MS08-XL-Black,Strike Endurance Tee-XL-Black,men
MS08-XL-Blue,Strike Endurance Tee-XL-Blue,men
MS08-XL-Red,Strike Endurance Tee-XL-Red,men
MS08-XS-Black,Strike Endurance Tee-XS-Black,men
MS08-XS-Blue,Strike Endurance Tee-XS-Blue,men
MS08-XS-Red,Strike Endurance Tee-XS-Red,men
MS09-S-Pink,Ryker LumaTech Tee (Crew neck)-S-Pink,men
MS09-L-Black,Ryker LumaTech Tee (Crew neck)-L-Black,men
MS09-L-Blue,Ryker LumaTech Tee (Crew neck)-L-Blue,men
MS09-L-Red,Ryker LumaTech Tee (Crew neck)-L-Red,men
MS09-M-Black,Ryker LumaTech Tee (Crew neck)-M-Black,men
MS09-M-Blue,Ryker LumaTech Tee (Crew neck)-M-Blue,men
MS09-M-Red,Ryker LumaTech Tee (Crew neck)-M-Red,men
MS09-S-Black,Ryker LumaTech Tee (Crew neck)-S-Black,men
MS09-S-Blue,Ryker LumaTech Tee (Crew neck)-S-Blue,men
MS09-S-Red,Ryker LumaTech Tee (Crew neck)-S-Red,men
MS09-XL-Black,Ryker LumaTech Tee (Crew neck)-XL-Black,men
MS09-XL-Blue,Ryker LumaTech Tee (Crew neck)-XL-Blue,men
MS09-XL-Red,Ryker LumaTech Tee (Crew neck)-XL-Red,men
MS09-XS-Black,Ryker LumaTech Tee (Crew neck)-XS-Black,men
MS09-XS-Blue,Ryker LumaTech Tee (Crew neck)-XS-Blue,men
MS09-XS-Red,Ryker LumaTech Tee (Crew neck)-XS-Red,men
MS10-S-Pink,Logan HeatTec Tee-S-Pink,men
MS10-L-Black,Logan HeatTec Tee-L-Black,men
MS10-L-Blue,Logan HeatTec Tee-L-Blue,men
MS10-L-Red,Logan HeatTec Tee-L-Red,men
MS10-M-Black,Logan HeatTec Tee-M-Black,men
MS10-M-Blue,Logan HeatTec Tee-M-Blue,men
MS10-M-Red,Logan HeatTec Tee-M-Red,men
MS10-S-Black,Logan HeatTec Tee-S-Black,men
MS10-S-Blue,Logan HeatTec Tee-S-Blue,men
MS10-S-Red,Logan HeatTec Tee-S-Red,men
MS10-XL-Black,Logan HeatTec Tee-XL-Black,men
MS10-XL-Blue,Logan HeatTec Tee-XL-Blue,men
MS10-XL-Red,Logan HeatTec Tee-XL-Red,men
MS10-XS-Black,Logan HeatTec Tee-XS-Black,men
MS10-XS-Blue,Logan HeatTec Tee-XS-Blue,men
MS10-XS-Red,Logan HeatTec Tee-XS-Red,men
MS11-S-Pink,Atomic Endurance Running Tee (V neck)-S-Pink,men
MS11-L-Blue,Atomic Endurance Running Tee (V neck)-L-Blue,men
MS11-L-Green,Atomic Endurance Running Tee (V neck)-L-Green,men
MS11-L-Yellow,Atomic Endurance Running Tee (V neck)-L-Yellow,men
MS11-M-Blue,Atomic Endurance Running Tee (V neck)-M-Blue,men
MS11-M-Green,Atomic Endurance Running Tee (V neck)-M-Green,men
MS11-M-Yellow,Atomic Endurance Running Tee (V neck)-M-Yellow,men
MS11-S-Blue,Atomic Endurance Running Tee (V neck)-S-Blue,men
MS11-S-Green,Atomic Endurance Running Tee (V neck)-S-Green,men
MS11-S-Yellow,Atomic Endurance Running Tee (V neck)-S-Yellow,men
MS11-XL-Blue,Atomic Endurance Running Tee (V neck)-XL-Blue,men
MS11-XL-Green,Atomic Endurance Running Tee (V neck)-XL-Green,men
MS11-XL-Yellow,Atomic Endurance Running Tee (V neck)-XL-Yellow,men
MS11-XS-Blue,Atomic Endurance Running Tee (V neck)-XS-Blue,men
MS11-XS-Green,Atomic Endurance Running Tee (V neck)-XS-Green,men
MS11-XS-Yellow,Atomic Endurance Running Tee (V neck)-XS-Yellow,men
MS12-S-Pink,Atomic Endurance Running Tee (Crew neck)-S-Pink,men
MS12-L-Black,Atomic Endurance Running Tee (Crew neck)-L-Black,men
MS12-L-Blue,Atomic Endurance Running Tee (Crew neck)-L-Blue,men
MS12-L-Red,Atomic Endurance Running Tee (Crew neck)-L-Red,men
MS12-M-Black,Atomic Endurance Running Tee (Crew neck)-M-Black,men
MS12-M-Blue,Atomic Endurance Running Tee (Crew neck)-M-Blue,men
MS12-M-Red,Atomic Endurance Running Tee (Crew neck)-M-Red,men
MS12-S-Black,Atomic Endurance Running Tee (Crew neck)-S-Black,men
MS12-S-Blue,Atomic Endurance Running Tee (Crew neck)-S-Blue,men
MS12-S-Red,Atomic Endurance Running Tee (Crew neck)-S-Red,men
MS12-XL-Black,Atomic Endurance Running Tee (Crew neck)-XL-Black,men
MS12-XL-Blue,Atomic Endurance Running Tee (Crew neck)-XL-Blue,men
MS12-XL-Red,Atomic Endurance Running Tee (Crew neck)-XL-Red,men
MS12-XS-Black,Atomic Endurance Running Tee (Crew neck)-XS-Black,men
MS12-XS-Blue,Atomic Endurance Running Tee (Crew neck)-XS-Blue,men
MS12-XS-Red,Atomic Endurance Running Tee (Crew neck)-XS-Red,men
MSH01-32-Pink,Cobalt CoolTech Fitness Short-32-Pink,women
MSH01-32-Black,Cobalt CoolTech Fitness Short-32-Black,women
MSH01-32-Blue,Cobalt CoolTech Fitness Short-32-Blue,women
MSH01-32-Red,Cobalt CoolTech Fitness Short-32-Red,women
MSH01-33-Black,Cobalt CoolTech Fitness Short-33-Black,women
MSH01-33-Blue,Cobalt CoolTech Fitness Short-33-Blue,women
MSH01-33-Red,Cobalt CoolTech Fitness Short-33-Red,women
MSH01-34-Black,Cobalt CoolTech Fitness Short-34-Black,women
MSH01-34-Blue,Cobalt CoolTech Fitness Short-34-Blue,women
MSH01-34-Red,Cobalt CoolTech Fitness Short-34-Red,women
MSH01-36-Black,Cobalt CoolTech Fitness Short-36-Black,women
MSH01-36-Blue,Cobalt CoolTech Fitness Short-36-Blue,women
MSH01-36-Red,Cobalt CoolTech Fitness Short-36-Red,women
MSH02-32-Pink,Apollo Running Short-S-Pink,women
MSH02-32-Black,Apollo Running Short-32-Black,women
MSH02-33-Black,Apollo Running Short-33-Black,women
MSH02-34-Black,Apollo Running Short-34-Black,women
MSH02-36-Black,Apollo Running Short-36-Black,women
MSH03-32-Pink,Meteor Workout Short-S-Pink,men
MSH03-32-Black,Meteor Workout Short-32-Black,men
MSH03-32-Blue,Meteor Workout Short-32-Blue,men
MSH03-32-Green,Meteor Workout Short-32-Green,men
MSH03-33-Black,Meteor Workout Short-33-Black,men
MSH03-33-Blue,Meteor Workout Short-33-Blue,men
MSH03-33-Green,Meteor Workout Short-33-Green,men
MSH03-34-Black,Meteor Workout Short-34-Black,men
MSH03-34-Blue,Meteor Workout Short-34-Blue,men
MSH03-34-Green,Meteor Workout Short-34-Green,men
MSH03-36-Black,Meteor Workout Short-36-Black,men
MSH03-36-Blue,Meteor Workout Short-36-Blue,men
MSH03-36-Green,Meteor Workout Short-36-Green,men
MSH04-32-Pink,Torque Power Short-32-Pink,men
MSH04-32-Gray,Torque Power Short-32-Gray,men
MSH04-32-Purple,Torque Power Short-32-Purple,men
MSH04-32-Yellow,Torque Power Short-32-Yellow,men
MSH04-33-Gray,Torque Power Short-33-Gray,men
MSH04-33-Purple,Torque Power Short-33-Purple,men
MSH04-33-Yellow,Torque Power Short-33-Yellow,men
MSH04-34-Gray,Torque Power Short-34-Gray,men
MSH04-34-Purple,Torque Power Short-34-Purple,men
MSH04-34-Yellow,Torque Power Short-34-Yellow,men
MSH04-36-Gray,Torque Power Short-36-Gray,men
MSH04-36-Purple,Torque Power Short-36-Purple,men
MSH04-36-Yellow,Torque Power Short-36-Yellow,men
MSH05-32-Pink,Hawkeye Yoga Short-32-Pink,women
MSH05-32-Black,Hawkeye Yoga Short-32-Black,women
MSH05-32-Blue,Hawkeye Yoga Short-32-Blue,women
MSH05-32-Gray,Hawkeye Yoga Short-32-Gray,women
MSH05-33-Black,Hawkeye Yoga Short-33-Black,women
MSH05-33-Blue,Hawkeye Yoga Short-33-Blue,women
MSH05-33-Gray,Hawkeye Yoga Short-33-Gray,women
MSH05-34-Black,Hawkeye Yoga Short-34-Black,women
MSH05-34-Blue,Hawkeye Yoga Short-34-Blue,women
MSH05-34-Gray,Hawkeye Yoga Short-34-Gray,women
MSH05-36-Black,Hawkeye Yoga Short-36-Black,women
MSH05-36-Blue,Hawkeye Yoga Short-36-Blue,women
MSH05-36-Gray,Hawkeye Yoga Short-36-Gray,women
MSH06-32-Pink,Lono Yoga Short-32-Pink,women
MSH06-32-Blue,Lono Yoga Short-32-Blue,women
MSH06-32-Gray,Lono Yoga Short-32-Gray,women
MSH06-32-Red,Lono Yoga Short-32-Red,women
MSH06-33-Blue,Lono Yoga Short-33-Blue,women
MSH06-33-Gray,Lono Yoga Short-33-Gray,women
MSH06-33-Red,Lono Yoga Short-33-Red,women
MSH06-34-Blue,Lono Yoga Short-34-Blue,women
MSH06-34-Gray,Lono Yoga Short-34-Gray,women
MSH06-34-Red,Lono Yoga Short-34-Red,women
MSH06-36-Blue,Lono Yoga Short-36-Blue,women
MSH06-36-Gray,Lono Yoga Short-36-Gray,women
MSH06-36-Red,Lono Yoga Short-36-Red,women
MSH07-32-Pink,Rapha  Sports Short-32-Pink,men
MSH07-32-Black,Rapha  Sports Short-32-Black,men
MSH07-32-Blue,Rapha  Sports Short-32-Blue,men
MSH07-32-Purple,Rapha  Sports Short-32-Purple,men
MSH07-33-Black,Rapha  Sports Short-33-Black,men
MSH07-33-Blue,Rapha  Sports Short-33-Blue,men
MSH07-33-Purple,Rapha  Sports Short-33-Purple,men
MSH07-34-Black,Rapha  Sports Short-34-Black,men
MSH07-34-Blue,Rapha  Sports Short-34-Blue,men
MSH07-34-Purple,Rapha  Sports Short-34-Purple,men
MSH07-36-Black,Rapha  Sports Short-36-Black,men
MSH07-36-Blue,Rapha  Sports Short-36-Blue,men
MSH07-36-Purple,Rapha  Sports Short-36-Purple,men
MSH08-32-Pink,Orestes Fitness Short-32-Pink,women
MSH08-32-Black,Orestes Fitness Short-32-Black,women
MSH08-32-Blue,Orestes Fitness Short-32-Blue,women
MSH08-32-Green,Orestes Fitness Short-32-Green,women
MSH08-33-Black,Orestes Fitness Short-33-Black,women
MSH08-33-Blue,Orestes Fitness Short-33-Blue,women
MSH08-33-Green,Orestes Fitness Short-33-Green,women
MSH08-34-Black,Orestes Fitness Short-34-Black,women
MSH08-34-Blue,Orestes Fitness Short-34-Blue,women
MSH08-34-Green,Orestes Fitness Short-34-Green,women
MSH08-36-Black,Orestes Fitness Short-36-Black,women
MSH08-36-Blue,Orestes Fitness Short-36-Blue,women
MSH08-36-Green,Orestes Fitness Short-36-Green,women
MSH09-32-Pink,Troy Yoga Short-32-Pink,women
MSH09-32-Black,Troy Yoga Short-32-Black,women
MSH09-32-Blue,Troy Yoga Short-32-Blue,women
MSH09-32-Green,Troy Yoga Short-32-Green,women
MSH09-33-Black,Troy Yoga Short-33-Black,women
MSH09-33-Blue,Troy Yoga Short-33-Blue,women
MSH09-33-Green,Troy Yoga Short-33-Green,women
MSH09-34-Black,Troy Yoga Short-34-Black,women
MSH09-34-Blue,Troy Yoga Short-34-Blue,women
MSH09-34-Green,Troy Yoga Short-34-Green,women
MSH09-36-Black,Troy Yoga Short-36-Black,women
MSH09-36-Blue,Troy Yoga Short-36-Blue,women
MSH09-36-Green,Troy Yoga Short-36-Green,women
MSH10-32-Pink,Sol Active Short-32-Pink,men
MSH10-32-Blue,Sol Active Short-32-Blue,men
MSH10-32-Green,Sol Active Short-32-Green,men
MSH10-32-Purple,Sol Active Short-32-Purple,men
MSH10-33-Blue,Sol Active Short-33-Blue,men
MSH10-33-Green,Sol Active Short-33-Green,men
MSH10-33-Purple,Sol Active Short-33-Purple,men
MSH10-34-Blue,Sol Active Short-34-Blue,men
MSH10-34-Green,Sol Active Short-34-Green,men
MSH10-34-Purple,Sol Active Short-34-Purple,men
MSH10-36-Blue,Sol Active Short-36-Blue,men
MSH10-36-Green,Sol Active Short-36-Green,men
MSH10-36-Purple,Sol Active Short-36-Purple,men
MSH11-32-Pink,Arcadio Gym Short-32-Pink,men
MSH11-32-Black,Arcadio Gym Short-32-Black,men
MSH11-32-Blue,Arcadio Gym Short-32-Blue,men
MSH11-32-Red,Arcadio Gym Short-32-Red,men
MSH11-33-Black,Arcadio Gym Short-33-Black,men
MSH11-33-Blue,Arcadio Gym Short-33-Blue,men
MSH11-33-Red,Arcadio Gym Short-33-Red,men
MSH11-34-Black,Arcadio Gym Short-34-Black,men
MSH11-34-Blue,Arcadio Gym Short-34-Blue,men
MSH11-34-Red,Arcadio Gym Short-34-Red,men
MSH11-36-Black,Arcadio Gym Short-36-Black,men
MSH11-36-Blue,Arcadio Gym Short-36-Blue,men
MSH11-36-Red,Arcadio Gym Short-36-Red,men
MSH12-32-Pink,Pierce Gym Short-32-Pink,men
MSH12-32-Black,Pierce Gym Short-32-Black,men
MSH12-32-Gray,Pierce Gym Short-32-Gray,men
MSH12-32-Red,Pierce Gym Short-32-Red,men
MSH12-33-Black,Pierce Gym Short-33-Black,men
MSH12-33-Gray,Pierce Gym Short-33-Gray,men
MSH12-33-Red,Pierce Gym Short-33-Red,men
MSH12-34-Black,Pierce Gym Short-34-Black,men
MSH12-34-Gray,Pierce Gym Short-34-Gray,men
MSH12-34-Red,Pierce Gym Short-34-Red,men
MSH12-36-Black,Pierce Gym Short-36-Black,men
MSH12-36-Gray,Pierce Gym Short-36-Gray,men
MSH12-36-Red,Pierce Gym Short-36-Red,men
MT01-S-Pink,Erikssen CoolTech Fitness Tank-S-Pink,men
MT01-L-Gray,Erikssen CoolTech Fitness Tank-L-Gray,men
MT01-L-Orange,Erikssen CoolTech Fitness Tank-L-Orange,men
MT01-L-Red,Erikssen CoolTech Fitness Tank-L-Red,men
MT01-M-Gray,Erikssen CoolTech Fitness Tank-M-Gray,men
MT01-M-Orange,Erikssen CoolTech Fitness Tank-M-Orange,men
MT01-M-Red,Erikssen CoolTech Fitness Tank-M-Red,men
MT01-S-Gray,Erikssen CoolTech Fitness Tank-S-Gray,men
MT01-S-Orange,Erikssen CoolTech Fitness Tank-S-Orange,men
MT01-S-Red,Erikssen CoolTech Fitness Tank-S-Red,men
MT01-XL-Gray,Erikssen CoolTech Fitness Tank-XL-Gray,men
MT01-XL-Orange,Erikssen CoolTech Fitness Tank-XL-Orange,men
MT01-XL-Red,Erikssen CoolTech Fitness Tank-XL-Red,men
MT01-XS-Gray,Erikssen CoolTech Fitness Tank-XS-Gray,men
MT01-XS-Orange,Erikssen CoolTech Fitness Tank-XS-Orange,men
MT01-XS-Red,Erikssen CoolTech Fitness Tank-XS-Red,men
MT02-S-Pink,Tristan Endurance Tank-S-Pink,men
MT02-L-Gray,Tristan Endurance Tank-L-Gray,men
MT02-L-Red,Tristan Endurance Tank-L-Red,men
MT02-L-White,Tristan Endurance Tank-L-White,men
MT02-M-Gray,Tristan Endurance Tank-M-Gray,men
MT02-M-Red,Tristan Endurance Tank-M-Red,men
MT02-M-White,Tristan Endurance Tank-M-White,men
MT02-S-Gray,Tristan Endurance Tank-S-Gray,men
MT02-S-Red,Tristan Endurance Tank-S-Red,men
MT02-S-White,Tristan Endurance Tank-S-White,men
MT02-XL-Gray,Tristan Endurance Tank-XL-Gray,men
MT02-XL-Red,Tristan Endurance Tank-XL-Red,men
MT02-XL-White,Tristan Endurance Tank-XL-White,men
MT02-XS-Gray,Tristan Endurance Tank-XS-Gray,men
MT02-XS-Red,Tristan Endurance Tank-XS-Red,men
MT02-XS-White,Tristan Endurance Tank-XS-White,men
MT03-S-Pink,Primo Endurance Tank-S-Pink,men
MT03-L-Blue,Primo Endurance Tank-L-Blue,men
MT03-L-Red,Primo Endurance Tank-L-Red,men
MT03-L-Yellow,Primo Endurance Tank-L-Yellow,men
MT03-M-Blue,Primo Endurance Tank-M-Blue,men
MT03-M-Red,Primo Endurance Tank-M-Red,men
MT03-M-Yellow,Primo Endurance Tank-M-Yellow,men
MT03-S-Blue,Primo Endurance Tank-S-Blue,men
MT03-S-Red,Primo Endurance Tank-S-Red,men
MT03-S-Yellow,Primo Endurance Tank-S-Yellow,men
MT03-XL-Blue,Primo Endurance Tank-XL-Blue,men
MT03-XL-Red,Primo Endurance Tank-XL-Red,men
MT03-XL-Yellow,Primo Endurance Tank-XL-Yellow,men
MT03-XS-Blue,Primo Endurance Tank-XS-Blue,men
MT03-XS-Red,Primo Endurance Tank-XS-Red,men
MT03-XS-Yellow,Primo Endurance Tank-XS-Yellow,men
MT04-S-Pink,Helios Endurance Tank-S-Pink,men
MT04-L-Blue,Helios Endurance Tank-L-Blue,men
MT04-M-Blue,Helios Endurance Tank-M-Blue,men
MT04-S-Blue,Helios Endurance Tank-S-Blue,men
MT04-XL-Blue,Helios Endurance Tank-XL-Blue,men
MT04-XS-Blue,Helios Endurance Tank-XS-Blue,men
MT05-S-Pink,Rocco Gym Tank-S-Pink,men
MT05-L-Blue,Rocco Gym Tank-L-Blue,men
MT05-M-Blue,Rocco Gym Tank-M-Blue,men
MT05-S-Blue,Rocco Gym Tank-S-Blue,men
MT05-XL-Blue,Rocco Gym Tank-XL-Blue,men
MT05-XS-Blue,Rocco Gym Tank-XS-Blue,men
MT06-S-Pink,Vulcan Weightlifting Tank-S-Pink,men
MT06-L-Black,Vulcan Weightlifting Tank-L-Black,men
MT06-M-Black,Vulcan Weightlifting Tank-M-Black,men
MT06-S-Black,Vulcan Weightlifting Tank-S-Black,men
MT06-XL-Black,Vulcan Weightlifting Tank-XL-Black,men
MT06-XS-Black,Vulcan Weightlifting Tank-XS-Black,men
MT07-S-Pink,Argus All Weather Tank-S-Pink,men
MT07-L-Gray,Argus All Weather Tank-L-Gray,men
MT07-M-Gray,Argus All Weather Tank-M-Gray,men
MT07-S-Gray,Argus All Weather Tank-S-Gray,men
MT07-XL-Gray,Argus All Weather Tank-XL-Gray,men
MT07-XS-Gray,Argus All Weather Tank-XS-Gray,men
MT08-S-Pink,Sparta Gym Tank-S-Pink,men
MT08-L-Green,Sparta Gym Tank-L-Green,men
MT08-M-Green,Sparta Gym Tank-M-Green,men
MT08-S-Green,Sparta Gym Tank-S-Green,men
MT08-XL-Green,Sparta Gym Tank-XL-Green,men
MT08-XS-Green,Sparta Gym Tank-XS-Green,men
MT09-S-Pink,Sinbad Fitness Tank-S-Pink,men
MT09-L-Blue,Sinbad Fitness Tank-L-Blue,men
MT09-M-Blue,Sinbad Fitness Tank-M-Blue,men
MT09-S-Blue,Sinbad Fitness Tank-S-Blue,men
MT09-XL-Blue,Sinbad Fitness Tank-XL-Blue,men
MT09-XS-Blue,Sinbad Fitness Tank-XS-Blue,men
MT10-S-Pink,Tiberius Gym Tank-S-Pink,men
MT10-L-Yellow,Tiberius Gym Tank-L-Yellow,men
MT10-M-Yellow,Tiberius Gym Tank-M-Yellow,men
MT10-S-Yellow,Tiberius Gym Tank-S-Yellow,men
MT10-XL-Yellow,Tiberius Gym Tank-XL-Yellow,men
MT10-XS-Yellow,Tiberius Gym Tank-XS-Yellow,men
MT11-S-Pink,Atlas Fitness Tank-S-Pink,men
MT11-L-Blue,Atlas Fitness Tank-L-Blue,men
MT11-M-Blue,Atlas Fitness Tank-M-Blue,men
MT11-S-Blue,Atlas Fitness Tank-S-Blue,men
MT11-XL-Blue,Atlas Fitness Tank-XL-Blue,men
MT11-XS-Blue,Atlas Fitness Tank-XS-Blue,men
MT12-S-Pink,Cassius Sparring Tank-S-Pink,men
MT12-L-Blue,Cassius Sparring Tank-L-Blue,men
MT12-M-Blue,Cassius Sparring Tank-M-Blue,men
MT12-S-Blue,Cassius Sparring Tank-S-Blue,men
MT12-XL-Blue,Cassius Sparring Tank-XL-Blue,men
MT12-XS-Blue,Cassius Sparring Tank-XS-Blue,men
WB01-S-Pink,Electra Bra Top-S-Pink,women
WB01-L-Black,Electra Bra Top-L-Black,women
WB01-L-Gray,Electra Bra Top-L-Gray,women
WB01-L-Purple,Electra Bra Top-L-Purple,women
WB01-M-Black,Electra Bra Top-M-Black,women
WB01-M-Gray,Electra Bra Top-M-Gray,women
WB01-M-Purple,Electra Bra Top-M-Purple,women
WB01-S-Black,Electra Bra Top-S-Black,women
WB01-S-Gray,Electra Bra Top-S-Gray,women
WB01-S-Purple,Electra Bra Top-S-Purple,women
WB01-XL-Black,Electra Bra Top-XL-Black,women
WB01-XL-Gray,Electra Bra Top-XL-Gray,women
WB01-XL-Purple,Electra Bra Top-XL-Purple,women
WB01-XS-Black,Electra Bra Top-XS-Black,women
WB01-XS-Gray,Electra Bra Top-XS-Gray,women
WB01-XS-Purple,Electra Bra Top-XS-Purple,women
WB02-S-Pink,Erica Evercool Sports Bra-S-Pink,women
WB02-L-Blue,Erica Evercool Sports Bra-L-Blue,women
WB02-L-Orange,Erica Evercool Sports Bra-L-Orange,women
WB02-L-Yellow,Erica Evercool Sports Bra-L-Yellow,women
WB02-M-Blue,Erica Evercool Sports Bra-M-Blue,women
WB02-M-Orange,Erica Evercool Sports Bra-M-Orange,women
WB02-M-Yellow,Erica Evercool Sports Bra-M-Yellow,women
WB02-S-Blue,Erica Evercool Sports Bra-S-Blue,women
WB02-S-Orange,Erica Evercool Sports Bra-S-Orange,women
WB02-S-Yellow,Erica Evercool Sports Bra-S-Yellow,women
WB02-XL-Blue,Erica Evercool Sports Bra-XL-Blue,women
WB02-XL-Orange,Erica Evercool Sports Bra-XL-Orange,women
WB02-XL-Yellow,Erica Evercool Sports Bra-XL-Yellow,women
WB02-XS-Blue,Erica Evercool Sports Bra-XS-Blue,women
WB02-XS-Orange,Erica Evercool Sports Bra-XS-Orange,women
WB02-XS-Yellow,Erica Evercool Sports Bra-XS-Yellow,women
WB03-S-Pink,Celeste Sports Bra-S-Pink,women
WB03-L-Green,Celeste Sports Bra-L-Green,women
WB03-L-Red,Celeste Sports Bra-L-Red,women
WB03-L-Yellow,Celeste Sports Bra-L-Yellow,women
WB03-M-Green,Celeste Sports Bra-M-Green,women
WB03-M-Red,Celeste Sports Bra-M-Red,women
WB03-M-Yellow,Celeste Sports Bra-M-Yellow,women
WB03-S-Green,Celeste Sports Bra-S-Green,women
WB03-S-Red,Celeste Sports Bra-S-Red,women
WB03-S-Yellow,Celeste Sports Bra-S-Yellow,women
WB03-XL-Green,Celeste Sports Bra-XL-Green,women
WB03-XL-Red,Celeste Sports Bra-XL-Red,women
WB03-XL-Yellow,Celeste Sports Bra-XL-Yellow,women
WB03-XS-Green,Celeste Sports Bra-XS-Green,women
WB03-XS-Red,Celeste Sports Bra-XS-Red,women
WB03-XS-Yellow,Celeste Sports Bra-XS-Yellow,women
WB04-S-Pink,Prima Compete Bra Top-S-Pink,women
WB04-L-Blue,Prima Compete Bra Top-L-Blue,women
WB04-L-Purple,Prima Compete Bra Top-L-Purple,women
WB04-L-Yellow,Prima Compete Bra Top-L-Yellow,women
WB04-M-Blue,Prima Compete Bra Top-M-Blue,women
WB04-M-Purple,Prima Compete Bra Top-M-Purple,women
WB04-M-Yellow,Prima Compete Bra Top-M-Yellow,women
WB04-S-Blue,Prima Compete Bra Top-S-Blue,women
WB04-S-Purple,Prima Compete Bra Top-S-Purple,women
WB04-S-Yellow,Prima Compete Bra Top-S-Yellow,women
WB04-XL-Blue,Prima Compete Bra Top-XL-Blue,women
WB04-XL-Purple,Prima Compete Bra Top-XL-Purple,women
WB04-XL-Yellow,Prima Compete Bra Top-XL-Yellow,women
WB04-XS-Blue,Prima Compete Bra Top-XS-Blue,women
WB04-XS-Purple,Prima Compete Bra Top-XS-Purple,women
WB04-XS-Yellow,Prima Compete Bra Top-XS-Yellow,women
WB05-S-Pink,Lucia Cross-Fit Bra-S-Pink,women
WB05-L-Black,Lucia Cross-Fit Bra -L-Black,women
WB05-L-Orange,Lucia Cross-Fit Bra -L-Orange,women
WB05-L-Purple,Lucia Cross-Fit Bra -L-Purple,women
WB05-M-Black,Lucia Cross-Fit Bra -M-Black,women
WB05-M-Orange,Lucia Cross-Fit Bra -M-Orange,women
WB05-M-Purple,Lucia Cross-Fit Bra -M-Purple,women
WB05-S-Black,Lucia Cross-Fit Bra -S-Black,women
WB05-S-Orange,Lucia Cross-Fit Bra -S-Orange,women
WB05-S-Purple,Lucia Cross-Fit Bra -S-Purple,women
WB05-XL-Black,Lucia Cross-Fit Bra -XL-Black,women
WB05-XL-Orange,Lucia Cross-Fit Bra -XL-Orange,women
WB05-XL-Purple,Lucia Cross-Fit Bra -XL-Purple,women
WB05-XS-Black,Lucia Cross-Fit Bra -XS-Black,women
WB05-XS-Orange,Lucia Cross-Fit Bra -XS-Orange,women
WB05-XS-Purple,Lucia Cross-Fit Bra -XS-Purple,women
WH01-S-Pink,Mona Pullover Hoodie-S-Pink,women
WH01-L-Green,Mona Pullover Hoodie-L-Green,women
WH01-L-Orange,Mona Pullover Hoodie-L-Orange,women
WH01-L-Purple,Mona Pullover Hoodie-L-Purple,women
WH01-M-Green,Mona Pullover Hoodie-M-Green,women
WH01-M-Orange,Mona Pullover Hoodie-M-Orange,women
WH01-M-Purple,Mona Pullover Hoodie-M-Purple,women
WH01-S-Green,Mona Pullover Hoodie-S-Green,women
WH01-S-Orange,Mona Pullover Hoodie-S-Orange,women
WH01-S-Purple,Mona Pullover Hoodie-S-Purple,women
WH01-XL-Green,Mona Pullover Hoodie-XL-Green,women
WH01-XL-Orange,Mona Pullover Hoodie-XL-Orange,women
WH01-XL-Purple,Mona Pullover Hoodie-XL-Purple,women
WH01-XS-Green,Mona Pullover Hoodie-XS-Green,women
WH01-XS-Orange,Mona Pullover Hoodie-XS-Orange,women
WH01-XS-Purple,Mona Pullover Hoodie-XS-Purple,women
WH02-S-Pink,Hera Pullover Hoodie-S-Pink,women
WH02-L-Blue,Hera Pullover Hoodie-L-Blue,women
WH02-L-Green,Hera Pullover Hoodie-L-Green,women
WH02-L-Orange,Hera Pullover Hoodie-L-Orange,women
WH02-M-Blue,Hera Pullover Hoodie-M-Blue,women
WH02-M-Green,Hera Pullover Hoodie-M-Green,women
WH02-M-Orange,Hera Pullover Hoodie-M-Orange,women
WH02-S-Blue,Hera Pullover Hoodie-S-Blue,women
WH02-S-Green,Hera Pullover Hoodie-S-Green,women
WH02-S-Orange,Hera Pullover Hoodie-S-Orange,women
WH02-XL-Blue,Hera Pullover Hoodie-XL-Blue,women
WH02-XL-Green,Hera Pullover Hoodie-XL-Green,women
WH02-XL-Orange,Hera Pullover Hoodie-XL-Orange,women
WH02-XS-Blue,Hera Pullover Hoodie-XS-Blue,women
WH02-XS-Green,Hera Pullover Hoodie-XS-Green,women
WH02-XS-Orange,Hera Pullover Hoodie-XS-Orange,women
WH03-S-Pink,Autumn Pullie-S-Pink,women
WH03-L-Green,Autumn Pullie-L-Green,women
WH03-L-Purple,Autumn Pullie-L-Purple,women
WH03-L-Red,Autumn Pullie-L-Red,women
WH03-M-Green,Autumn Pullie-M-Green,women
WH03-M-Purple,Autumn Pullie-M-Purple,women
WH03-M-Red,Autumn Pullie-M-Red,women
WH03-S-Green,Autumn Pullie-S-Green,women
WH03-S-Purple,Autumn Pullie-S-Purple,women
WH03-S-Red,Autumn Pullie-S-Red,women
WH03-XL-Green,Autumn Pullie-XL-Green,women
WH03-XL-Purple,Autumn Pullie-XL-Purple,women
WH03-XL-Red,Autumn Pullie-XL-Red,women
WH03-XS-Green,Autumn Pullie-XS-Green,women
WH03-XS-Purple,Autumn Pullie-XS-Purple,women
WH03-XS-Red,Autumn Pullie-XS-Red,women
WH04-S-Pink,Miko Pullover Hoodie-S-Pink,women
WH04-L-Blue,Miko Pullover Hoodie-L-Blue,women
WH04-L-Orange,Miko Pullover Hoodie-L-Orange,women
WH04-L-Purple,Miko Pullover Hoodie-L-Purple,women
WH04-M-Blue,Miko Pullover Hoodie-M-Blue,women
WH04-M-Orange,Miko Pullover Hoodie-M-Orange,women
WH04-M-Purple,Miko Pullover Hoodie-M-Purple,women
WH04-S-Blue,Miko Pullover Hoodie-S-Blue,women
WH04-S-Orange,Miko Pullover Hoodie-S-Orange,women
WH04-S-Purple,Miko Pullover Hoodie-S-Purple,women
WH04-XL-Blue,Miko Pullover Hoodie-XL-Blue,women
WH04-XL-Orange,Miko Pullover Hoodie-XL-Orange,women
WH04-XL-Purple,Miko Pullover Hoodie-XL-Purple,women
WH04-XS-Blue,Miko Pullover Hoodie-XS-Blue,women
WH04-XS-Orange,Miko Pullover Hoodie-XS-Orange,women
WH04-XS-Purple,Miko Pullover Hoodie-XS-Purple,women
WH05-S-Pink,Selene Yoga Hoodie-S-Pink,women
WH05-L-Orange,Selene Yoga Hoodie-L-Orange,women
WH05-L-Purple,Selene Yoga Hoodie-L-Purple,women
WH05-L-White,Selene Yoga Hoodie-L-White,women
WH05-M-Orange,Selene Yoga Hoodie-M-Orange,women
WH05-M-Purple,Selene Yoga Hoodie-M-Purple,women
WH05-M-White,Selene Yoga Hoodie-M-White,women
WH05-S-Orange,Selene Yoga Hoodie-S-Orange,women
WH05-S-Purple,Selene Yoga Hoodie-S-Purple,women
WH05-S-White,Selene Yoga Hoodie-S-White,women
WH05-XL-Orange,Selene Yoga Hoodie-XL-Orange,women
WH05-XL-Purple,Selene Yoga Hoodie-XL-Purple,women
WH05-XL-White,Selene Yoga Hoodie-XL-White,women
WH05-XS-Orange,Selene Yoga Hoodie-XS-Orange,women
WH05-XS-Purple,Selene Yoga Hoodie-XS-Purple,women
WH05-XS-White,Selene Yoga Hoodie-XS-White,women
WH06-S-Pink,Daphne Full Zip Hoodie-S-Pink,women
WH06-L-Purple,Daphne Full Zip Hoodie-L-Purple,women
WH06-M-Purple,Daphne Full Zip Hoodie-M-Purple,women
WH06-S-Purple,Daphne Full Zip Hoodie-S-Purple,women
WH06-XL-Purple,Daphne Full Zip Hoodie-XL-Purple,women
WH06-XS-Purple,Daphne Full Zip Hoodie-XS-Purple,women
WH07-S-Pink,Phoebe Zipper Sweatshirt-S-Pink,women
WH07-L-Gray,Phoebe Zipper Sweatshirt-L-Gray,women
WH07-L-Purple,Phoebe Zipper Sweatshirt-L-Purple,women
WH07-L-White,Phoebe Zipper Sweatshirt-L-White,women
WH07-M-Gray,Phoebe Zipper Sweatshirt-M-Gray,women
WH07-M-Purple,Phoebe Zipper Sweatshirt-M-Purple,women
WH07-M-White,Phoebe Zipper Sweatshirt-M-White,women
WH07-S-Gray,Phoebe Zipper Sweatshirt-S-Gray,women
WH07-S-Purple,Phoebe Zipper Sweatshirt-S-Purple,women
WH07-S-White,Phoebe Zipper Sweatshirt-S-White,women
WH07-XL-Gray,Phoebe Zipper Sweatshirt-XL-Gray,women
WH07-XL-Purple,Phoebe Zipper Sweatshirt-XL-Purple,women
WH07-XL-White,Phoebe Zipper Sweatshirt-XL-White,women
WH07-XS-Gray,Phoebe Zipper Sweatshirt-XS-Gray,women
WH07-XS-Purple,Phoebe Zipper Sweatshirt-XS-Purple,women
WH07-XS-White,Phoebe Zipper Sweatshirt-XS-White,women
WH08-S-Pink,Cassia Funnel Sweatshirt-S-Pink,women
WH08-L-Orange,Cassia Funnel Sweatshirt-L-Orange,women
WH08-L-Purple,Cassia Funnel Sweatshirt-L-Purple,women
WH08-L-White,Cassia Funnel Sweatshirt-L-White,women
WH08-M-Orange,Cassia Funnel Sweatshirt-M-Orange,women
WH08-M-Purple,Cassia Funnel Sweatshirt-M-Purple,women
WH08-M-White,Cassia Funnel Sweatshirt-M-White,women
WH08-S-Orange,Cassia Funnel Sweatshirt-S-Orange,women
WH08-S-Purple,Cassia Funnel Sweatshirt-S-Purple,women
WH08-S-White,Cassia Funnel Sweatshirt-S-White,women
WH08-XL-Orange,Cassia Funnel Sweatshirt-XL-Orange,women
WH08-XL-Purple,Cassia Funnel Sweatshirt-XL-Purple,women
WH08-XL-White,Cassia Funnel Sweatshirt-XL-White,women
WH08-XS-Orange,Cassia Funnel Sweatshirt-XS-Orange,women
WH08-XS-Purple,Cassia Funnel Sweatshirt-XS-Purple,women
WH08-XS-White,Cassia Funnel Sweatshirt-XS-White,women
WH09-S-Pink,Ariel Roll Sleeve Sweatshirt-S-Pink,women
WH09-L-Green,Ariel Roll Sleeve Sweatshirt-L-Green,women
WH09-L-Purple,Ariel Roll Sleeve Sweatshirt-L-Purple,women
WH09-L-Red,Ariel Roll Sleeve Sweatshirt-L-Red,women
WH09-M-Green,Ariel Roll Sleeve Sweatshirt-M-Green,women
WH09-M-Purple,Ariel Roll Sleeve Sweatshirt-M-Purple,women
WH09-M-Red,Ariel Roll Sleeve Sweatshirt-M-Red,women
WH09-S-Green,Ariel Roll Sleeve Sweatshirt-S-Green,women
WH09-S-Purple,Ariel Roll Sleeve Sweatshirt-S-Purple,women
WH09-S-Red,Ariel Roll Sleeve Sweatshirt-S-Red,women
WH09-XL-Green,Ariel Roll Sleeve Sweatshirt-XL-Green,women
WH09-XL-Purple,Ariel Roll Sleeve Sweatshirt-XL-Purple,women
WH09-XL-Red,Ariel Roll Sleeve Sweatshirt-XL-Red,women
WH09-XS-Green,Ariel Roll Sleeve Sweatshirt-XS-Green,women
WH09-XS-Purple,Ariel Roll Sleeve Sweatshirt-XS-Purple,women
WH09-XS-Red,Ariel Roll Sleeve Sweatshirt-XS-Red,women
WH10-S-Pink,Helena Hooded Fleece-S-Pink,women
WH10-L-Blue,Helena Hooded Fleece-L-Blue,women
WH10-L-Gray,Helena Hooded Fleece-L-Gray,women
WH10-L-Yellow,Helena Hooded Fleece-L-Yellow,women
WH10-M-Blue,Helena Hooded Fleece-M-Blue,women
WH10-M-Gray,Helena Hooded Fleece-M-Gray,women
WH10-M-Yellow,Helena Hooded Fleece-M-Yellow,women
WH10-S-Blue,Helena Hooded Fleece-S-Blue,women
WH10-S-Gray,Helena Hooded Fleece-S-Gray,women
WH10-S-Yellow,Helena Hooded Fleece-S-Yellow,women
WH10-XL-Blue,Helena Hooded Fleece-XL-Blue,women
WH10-XL-Gray,Helena Hooded Fleece-XL-Gray,women
WH10-XL-Yellow,Helena Hooded Fleece-XL-Yellow,women
WH10-XS-Blue,Helena Hooded Fleece-XS-Blue,women
